Title,Alternative Title,Description,Display Note,Creator,Creator ID,Publisher,Provider,Resource Class,Resource Type,Subject,Theme,Keyword,Language,B1G Language,Local Collection,Temporal Coverage,Date Issued,Index Year,Date Range,Spatial Coverage,Bounding Box,Geometry,Centroid,GeoNames,Coordinate Reference System,Spatial Resolution in Meters,Spatial Resolution as Text,Georeferenced,Provenance,Publication State,Website Platform,Endpoint URL,Endpoint Description,Is Harvested,Last Harvested,Accrual Method,Accrual Periodicity,Harvest Workflow,Created At,Updated At,Date Accessioned,Date Retired,Format,File Size,B1G Image,Member Of,Is Part Of,Source,Is Version Of,Replaces,Is Replaced By,Relation,Rights,License,Rights Holder,Access Rights,Suppressed Record,Deprioritized,Mediator,Access,ID,Identifier,WxS Identifier,Code,Tags,Admin Note,Due Date,Due Status,Days Until Due,Review Date,Review Status,Website Title,Website Alternative Title,Website Description,Website Display Note,Website Creator,Website Creator ID,Website Publisher,Website Provider,Website Resource Class,Website Resource Type,Website Subject,Website Theme,Website Keyword,Website Language,Website B1G Language,Website Local Collection,Website Temporal Coverage,Website Date Issued,Website Index Year,Website Date Range,Website Spatial Coverage,Website Bounding Box,Website Geometry,Website Centroid,Website GeoNames,Website Coordinate Reference System,Website Spatial Resolution in Meters,Website Spatial Resolution as Text,Website Georeferenced,Website Provenance,Website Publication State,Website Website Platform,Website Endpoint URL,Website Endpoint Description,Website Is Harvested,Website Last Harvested,Website Accrual Method,Website Accrual Periodicity,Website Harvest Workflow,Website Created At,Website Updated At,Website Date Accessioned,Website Date Retired,Website Format,Website File Size,Website B1G Image,Website Member Of,Website Is Part Of,Website Source,Website Is Version Of,Website Replaces,Website Is Replaced By,Website Relation,Website Rights,Website License,Website Rights Holder,Website Access Rights,Website Suppressed Record,Website Deprioritized,Website Mediator,Website Access,Website ID,Website Identifier,Website WxS Identifier,Website Code,Website Tags,Website Admin Note,Effective Harvest Workflow,Website Match Count,Website Name
Harvest record for Urban Base Layers - Minneapolis,,Curated datasets from the city of Minneapolis,,,,,,Series,,,,,,,,,,,,,,,,,,,,,2011-01-01 / acquisition / purchase by UMN Libraries|2025-12-18 / ingest / 12 datasets,draft,,,,,2011-01-01,Mediated deposit,Annual,curation_datasets,2026-04-03 07:06:52 -0500,2026-04-04 07:33:31 -0500,,,,,,,,,,,,,,,,Public,,,,,b1g_27_43000,,,b1g_27_43000,,,2012-01-01,Due,-5207,,No Review,,,,,,,,,,,,,,,,,,,,,,,,,,,,,,,,,,,,,,,,,,,,,,,,,,,,,,,,,,,,,,,,,,,,curation_datasets,0,
Harvest record for SimplyAnalytics,,Harvest record - temporary,,,,,,Series,,,,,,,,,,,,,,,,,,,,,2020-11-18 / harvest,draft,,,,,2020-11-18,Manual curation,Annual,template_children,2026-03-28 16:05:10 -0500,2026-04-01 20:43:15 -0500,,,,,,,,,,,,,,,,Public,true,,,,harvest_999-0004,999-0004,,999-0004,,,2021-11-18,Due,-1598,,No Review,SimplyAnalytics,,"Formerly named SimplyMap, SimplyAnalytics is a web-based mapping tool that lets users quickly create professional-quality thematic maps and reports using powerful demographic, business, and marketing data. Maps are exportable as shapefiles.",Warning: Requires logging in through an organization with licensed access. Different institutions may have licenses for different years or locations.,"Geographic Research, Inc.",,,,Websites,Interactive resources,,Economy,Simply Analytics|2022-creator-sprint,eng,,,1980-present,,1980,1980-2021,United States,"-179.9,-14.8,-64.4,71.6","POLYGON((-179.9 71.6, -64.4 71.6, -64.4 -14.8, -179.9 -14.8, -179.9 71.6))","28.4,-122.15",,,,,,,published,,,,true,2020-11-18,Manual curation,Annual,template_children,2021-04-27 15:43:13 -0500,2026-03-13 10:55:42 -0500,,,,,,999-licensed-resources,,,,,,8888-001,,,,Restricted,,,University of Illinois Urbana-Champaign|Indiana University|University of Iowa|University of Maryland|University of Michigan|Michigan State University|University of Minnesota|Pennsylvania State University|Purdue University|Michigan State University,,999-0004,,,999-0004,,,template_children,1,
Harvest record for General Land Office Township Plats: Minnesota,,Harvest record - temporary,,,,,,Series,,,,,,,,,,,,,,,,,,,,,2021-04-26 / harvest,draft,Custom data portal,,HTML,,2021-04-26,Manual curation,Annual,template_children,2026-03-28 16:05:03 -0500,2026-04-01 20:42:50 -0500,,,,,,,,,,,,,,,,Public,true,,,,harvest_05a-03,05a-03,,05a-03,,,2022-04-26,Due,-1439,,No Review,General Land Office Township Plats: Minnesota,"Minnesota Original Public Land Survey Plat Maps, Digital Images, Geo-referenced","Minnesota's original public land survey plat maps were created between 1848 and 1907 during the first government land survey of the state by the U.S. Surveyor General's Office. This collection of more than 3,600 maps includes later General Land Office (GLO) and Bureau of Land Management maps up through 2001. Scanned images of the maps are available in several digital formats and most have been georeferenced.",,Minnesota Geospatial Information Office (MnGeo),,Minnesota Geospatial Information Office (MnGeo),,Websites,Digital repositories,Map collections,,land survey|surveyor|public land survey system|PLSS|pls|OpenIndexMaps,eng,,,1848-1907,,1848,1848-1907,Minnesota,"-97.24,43.5,-89.48,49.38","POLYGON((-97.24 49.38, -89.48 49.38, -89.48 43.5, -97.24 43.5, -97.24 49.38))","46.44,-93.36",,,,,,,published,Custom data portal,,HTML,true,2021-04-26,Manual curation,Annual,template_children,2021-04-26 12:02:54 -0500,2026-03-29 14:42:15 -0500,,,,,,77f-0001,,,,,,,,,,Public,,,,,05a-03,http://www.mngeo.state.mn.us/glo/Index.htm,,05a-03,,,template_children,1,
Harvest record for Minnesota Geological Survey County Atlas Series,,Harvest record - temporary,,,,,,Series,,,,,,,,,,,,,,,,,,,,,2021-04-26 / harvest,draft,,,,,2021-04-26,Manual curation,Annual,template_children,2026-03-28 16:05:09 -0500,2026-04-01 20:43:01 -0500,,,,,,,,,,,,,,,,Public,true,,,,harvest_05d-04,05d-04,,05d-04,ogm,,2022-04-26,Due,-1439,,No Review,Minnesota Geological Survey County Atlas Series,,,,Minnesota Geological Survey,,,University of Minnesota,Websites,Digital repositories,,,,,,,,,,,,"-97.24,43.5,-89.48,49.38","POLYGON((-97.24 49.38, -89.48 49.38, -89.48 43.5, -97.24 43.5, -97.24 49.38))","46.44,-93.36",,,,,,,published,,,,true,2021-04-26,Manual curation,Annual,template_children,2021-04-26 12:02:52 -0500,2026-03-29 15:09:05 -0500,,,,,,64bd8c4c-8e60-4956-b43d-bdc3f93db488|dc8c18df-7d64-4ff4-a754-d18d0891187d,,,,,,,,,,Public,,,,,05d-04,https://conservancy.umn.edu/handle/11299/57196,,05d-04,ogm,,template_children,1,
Harvest record for Digital Sanborn Maps (Black & White) [All States] {1867-1970},,Harvest record - temporary,,,,,,Series,,,,,,,,,,,,,,,,,,,,,2021-04-27 / harvest,draft,,,,,2021-04-27,Manual curation,Annual,template_children,2026-03-28 16:05:11 -0500,2026-04-01 20:42:47 -0500,,,,,,,,,,,,,,,,Public,true,,,,harvest_999-0011,999-0011,,999-0011,,,2022-04-27,Due,-1438,,No Review,Digital Sanborn Maps (Black & White) [All States] {1867-1970},"Digital Sanborn Maps, 1867-1970","ProQuest Digital Sanborn® Maps (1867–1970) is a subscription-based web application providing online access to digitized Sanborn fire insurance maps for more than 12,000 U.S. towns and cities. Access is restricted to authorized users and requires authentication through a subscribing institution. The platform delivers high-resolution, black-and-white digital scans derived from Library of Congress microfilm editions of the Sanborn Map Company’s printed volumes. Users can search by state, city, and date, browse available volumes, zoom and pan within sheets, and download map images (subject to licensing terms).|Sanborn maps were originally created for the fire insurance industry and depict detailed building-level information, including footprint outlines, construction materials, number of stories, building use, street names, property boundaries, block numbers, and other infrastructure features. Coverage varies by location and year. While many maps are in the public domain, some later sheets may remain under copyright; use and reproduction are governed by ProQuest’s licensing agreement and applicable copyright law.",Warning: Requires logging in through an organization with licensed access. Different institutions may have licenses for different years or locations.,Sanborn Map Company,,ProQuest Information and Learning,,Websites,Interactive resources,,,Sanborn,eng,,,1867-1970,,1867,1867-1970,United States,"-179.9,-14.8,-64.4,71.6","MULTIPOLYGON(((-178.44 28.52, -154.76 28.52, -154.76 18.86, -178.44 18.86, -178.44 28.52)),((-125.11 49.19, -66.66 49.19, -66.66 24.82, -125.11 24.82, -125.11 49.19)),((-179.3 51.1, -129.9 51.1, -129.9 71.5, -179.3 71.5, -179.3 51.1)))","28.4,-122.15",,,,,,,published,,,,true,2021-04-27,Manual curation,Annual,template_children,2024-06-20 16:04:49 -0500,2026-03-13 10:55:13 -0500,,,,,,999-licensed-resources,,,,,,8888-001|8888-002,,,,Restricted,,,University of Illinois Urbana-Champaign|Indiana University|University of Iowa|University of Maryland|University of Michigan|Northwestern University,,999-0011,,,999-0011,,,template_children,1,
Harvest record for Fire Insurance Maps Online (FIMo) [All States],,Harvest record - temporary,,,,,,Series,,,,,,,,,,,,,,,,,,,,,2021-04-27 / harvest,draft,,,,,2021-04-27,Manual curation,Annual,template_children,2026-03-28 16:05:10 -0500,2026-04-01 20:42:50 -0500,,,,,,,,,,,,,,,,Public,true,,,,harvest_999-0010,999-0010,,999-0010,,,2022-04-27,Due,-1438,,No Review,Fire Insurance Maps Online (FIMo) [All States],,"Provides access to a digital collection of historical color fire insurance maps, real estate atlases, and similar land use maps for North America. High definition, color and gray-scale images display important historical details not visible on black and white map scans. Includes map research tools and search tips to make finding maps for a specific location easy. Maps include publications by Sanborn, Perris, Hexamer, Whipple, Baist, Bromley, Hopkins and others.",Warning: Requires logging in through an organization with licensed access. Different institutions may have licenses for different years or locations.,,,"Historical Information Gatherers, Inc",,Websites,Interactive resources,,,Sanborn,eng,,,Between 1880 and 1955,,1880,1880-1955,Alabama|Alaska|Arizona|Arkansas|California|Colorado|Connecticut|Delaware|District of Columbia|Florida|Georgia|Hawaii|Idaho|Illinois|Indiana|Iowa|Kansas|Kentucky|Louisiana|Maine|Maryland|Massachusetts|Mexico|Michigan|Minnesota|Mississippi|Missouri|Montana|Nebraska|Nevada|New Hampshire|New Jersey|New Mexico|New York|North Carolina|North Dakota|Ohio|Oklahoma|Oregon|Pennsylvania|Puerto Rico|Rhode Island|South Carolina|South Dakota|Tennessee|Texas|Utah|Vermont|Virginia|Washington|West Virginia|Wisconsin|Wyoming,"-179.9,-14.8,-64.4,71.6","MULTIPOLYGON(((-178.44 28.52, -154.76 28.52, -154.76 18.86, -178.44 18.86, -178.44 28.52)),((-125.11 49.19, -66.66 49.19, -66.66 24.82, -125.11 24.82, -125.11 49.19)),((-179.3 51.1, -129.9 51.1, -129.9 71.5, -179.3 71.5, -179.3 51.1)))","28.4,-122.15",,,,,,,published,,,,true,2021-04-27,Manual curation,Annual,template_children,2024-06-20 16:04:55 -0500,2026-03-13 10:55:17 -0500,,,,,,999-licensed-resources,,,,,,8888-001|8888-002|999-0011,,,,Restricted,,,University of Chicago|University of Michigan|Indiana University|University of Minnesota,,999-0010,,,999-0010,,,template_children,1,
Harvest record for National Historical Geographic Information System (NHGIS),,Harvest record - temporary,,,,,,Series,,,,,,,,,,,,,,,,,,,,,2021-04-27 / harvest,draft,,,,,2021-04-27,Manual curation,Annual,template_children,2026-03-28 16:05:09 -0500,2026-04-01 20:43:03 -0500,,,,,,,,,,,,,,,,Public,true,,,,harvest_05d-10,05d-10,,05d-10,,,2022-04-27,Due,-1438,,No Review,National Historical Geographic Information System (NHGIS),,"The National Historical Geographic Information System (NHGIS) provides easy access to summary tables and time series of population, housing, agriculture, and economic data, along with GIS-compatible boundary files, for years from 1790 through the present and for all levels of U.S. census geography, including states, counties, tracts, and blocks.",,IPUMS Center for Data Integration,,,University of Minnesota,Websites,Interactive resources,National government records|Census,,Census,eng,,,Continually updated resource,,,,,"144.4,-14.8,-64.4,71.6","POLYGON((144.4 71.6, -64.4 71.6, -64.4 -14.8, 144.4 -14.8, 144.4 71.6))","28.4,40.0",,,,,,,published,,,,true,2021-04-27,Manual curation,Annual,template_children,2021-04-26 12:02:53 -0500,2026-03-29 15:11:02 -0500,,,,,,b0153110-e455-4ced-9114-9b13250a7093,,,,,,,,,,Public,,,,,05d-10,https://www.nhgis.org,,05d-10,,,template_children,1,
Harvest record for PolicyMap,,Harvest record - temporary,,,,,,Series,,,,,,,,,,,,,,,,,,,,,2021-04-27 / harvest,draft,,,,,2021-04-27,Manual curation,Annual,template_children,2026-03-28 16:05:04 -0500,2026-04-01 20:43:10 -0500,,,,,,,,,,,,,,,,Public,true,,,,harvest_999-0003,999-0003,,999-0003,,,2022-04-27,Due,-1438,,No Review,PolicyMap,,"Policymap is an online data and mapping application that gives access to over 15,000 indicators related to housing, crime, mortgages, health, jobs, demographics and education. Data are available at all common geographies (address, block group, census tract, zip code, county, city, state, MSA) as well as unique geographies like school districts and political boundaries. Data come from both public and proprietary sources. Many of the public files are available for download. Through PolicyMap, you can access all data in interactive maps, tables, charts, reports and through a unique analytic tool. You may also upload your own address level data and share your data and interactive maps with others.",Warning: Requires logging in through an organization with licensed access. Different institutions may have licenses for different years or locations.,PolicyMap,,PolicyMap,,Websites,Interactive resources,Census,,Policy Map|Policy,eng,,,1990-present,,1990,1990-2020,United States,"-179.9,-14.8,-64.4,71.6","POLYGON((-179.9 71.6, -64.4 71.6, -64.4 -14.8, -179.9 -14.8, -179.9 71.6))","28.4,-122.15",,,,,,,published,,,Manual,true,2021-04-27,Manual curation,Annual,template_children,2021-04-27 15:43:07 -0500,2026-03-13 10:55:37 -0500,,,,,,999-licensed-resources,,,,,,8888-001,,,,Restricted,,,University of Chicago|University of Iowa|University of Maryland|University of Michigan|Michigan State University|University of Minnesota|The Ohio State University|Pennsylvania State University|Rutgers University-New Brunswick|University of Wisconsin-Madison,,999-0003,,,999-0003,,,template_children,1,
Harvest record for ORNL LandScan Viewer,,Harvest record - temporary,,,,,,Series,,,,,,,,,,,,,,,,,,,,,2024-12-30 / harvest,draft,Custom HTML/JS,,,,2024-12-30,Manual curation,Annual,template_children,2026-03-28 16:05:07 -0500,2026-04-01 20:43:07 -0500,,,,,,,,,,,,,,,,Public,true,,,,harvest_88-0001,88-0001,,88-0001,,,2025-12-30,Due,-95,,No Review,ORNL LandScan Viewer,,"The LandScan Viewer is an interactive mapping platform provided by Oak Ridge National Laboratory. It showcases LandScan datasets, which offer high-resolution global population distribution estimates. The viewer allows users to explore and visualize population data across various spatial and temporal layers, supporting applications in disaster response, urban planning, and research. Users can also download LandScan products, including raster datasets and accompanying documentation, directly from the site for further analysis.",,Oak Ridge National Laboratory,http://id.worldcat.org/fast/554231,Oak Ridge National Laboratory,,Websites,Data portals,Population,Society,Land Scan,eng,,,2000 to present,2024,2000,2000-2025,World,,,,,,,,,,published,Custom HTML/JS,,,true,2024-12-30,Manual curation,Annual,template_children,2024-12-30 12:49:20 -0600,2026-03-13 10:55:53 -0500,,,,,,b0153110-e455-4ced-9114-9b13250a7093,,,,999-0002,,,"These datasets are offered under the Creative Commons Attribution 4.0 International License. Users are free to use, copy, distribute, transmit, and adapt the data for commercial and non-commercial purposes, without restriction, as long as clear attribution of the source is provided.",https://creativecommons.org/licenses/by/4.0/,,Public,,,,,88-0001,https://landscan.ornl.gov,,88-0001,,,template_children,1,
Scan ArcGIS Hubs,,Harvest record - temporary,,,,,,Series,Data portals,,,,,,,,,,,,,,,,,,,,2026-03-22 / harvest,draft,ArcGIS Hub,https://openac-alcogis.opendata.arcgis.com/api/feed/dcat-us/1.1.json,DCAT API,,2026-03-22,Automated retrieval,Weekly,py_arcgis_hub,2026-03-28 16:04:56 -0500,2026-04-01 20:42:35 -0500,,,,,,,,,,,,,,,,Public,true,,,,py_arcgis_hub,,,08b-42003,,,2026-03-29,Due,-6,,No Review,167 websites,,"ArcGIS Hub site for finding and accessing open data provided by Allegheny County, Pennsylvania",,,,Pennsylvania--Allegheny County,,Websites,Data portals,County government records,,,eng,,,Continually updated resource,,,,Pennsylvania--Allegheny County|Pennsylvania,"-80.361,40.194,-79.689,40.675","POLYGON((-80.361 40.675, -79.689 40.675, -79.689 40.194, -80.361 40.194, -80.361 40.675))","40.4345,-80.025",,,,,,,published,ArcGIS Hub,https://openac-alcogis.opendata.arcgis.com/api/feed/dcat-us/1.1.json,DCAT API,true,2026-03-22,Automated retrieval,Weekly,py_arcgis_hub,2025-08-09 22:41:06 -0500,2026-03-29 17:46:44 -0500,,,,,,ba5cc745-21c5-4ae9-954b-72dd8db6815a,,,,,,,,,,Public,,,,,,https://openac-alcogis.opendata.arcgis.com,,08b-42003,,,py_arcgis_hub,167,167 websites
Harvest record for Minnesota Geospatial Commons,,Harvest record - temporary,,,,,,Series,,,,,,,,,,,,,,,,,,,,,2026-03-16 / harvest,draft,CKAN,https://gisdata.mn.gov/api/3/action/package_search,CKAN API,,2026-03-16,Automated retrieval,Monthly,py_mncommons_ckan,2026-03-28 16:04:24 -0500,2026-04-01 20:43:01 -0500,,,,,,,,,,,,,,,,Public,true,,,,harvest_05a-01_ckan,05a-01,,05a-01,,,2026-04-16,Scheduled,12,,No Review,Minnesota Geospatial Commons,,"The Minnesota Geospatial Commons is a collaborative space for users and publishers of Minnesota's geospatial resources. The Commons is used by researchers, cartographers, web and application developers, journalists, planners, and other citizens who need GIS data for a project.","Info: Items cataloged from the Minnesota Geospatial Commons may have multiple layers, formats, or external web applications that are not represented in the BTAA Geoportal record. Use the ""Visit Source"" button found on each page to find complete information and access links.",,,Minnesota Department of Natural Resources|Minnesota Geospatial Information Office|Metropolitan Council of the Twin Cities|Minnesota Pollution Control Agency|Minnesota Department of Agriculture,,Websites,Data portals,State government records|County government records|Intergovernment records,,State agencies geospatial data,eng,,,Continually updated resource,,,,Minnesota,"-97.24,43.5,-89.48,49.38","POLYGON((-97.24 49.38, -89.48 49.38, -89.48 43.5, -97.24 43.5, -97.24 49.38))","46.44,-93.36",,,,,,,published,CKAN,https://gisdata.mn.gov/api/3/action/package_search,CKAN API,true,2026-03-16,Automated retrieval,Monthly,py_mncommons_ckan,2021-04-26 12:02:52 -0500,2026-03-29 14:27:48 -0500,,,,,,ba5cc745-21c5-4ae9-954b-72dd8db6815a,,,,,,,,,,Public,,,,,05a-01,https://gisdata.mn.gov/,,05a-01,,,py_mncommons_ckan,1,
Harvest record for Humanitarian Data Exchange,,Harvest record - temporary,,,,,,Series,,,,,,,,,,,,,,,,,,,,,"2026-03-30 / harvest / 315 new items, 9 retired",draft,CKAN,https://data.humdata.org/api/3/action/package_search,CKAN API,,2026-03-30,Automated retrieval,Monthly,py_hdx,2026-03-28 16:04:23 -0500,2026-04-01 20:42:34 -0500,,,,,,,,,,,,,,,,Public,true,,,,harvest_99-1400,99-1400,,99-1400,,,2026-04-30,Scheduled,26,,No Review,Humanitarian Data Exchange,HDX,"An open platform for sharing data across crises and organisations. Launched in July 2014, the goal of HDX is to make humanitarian data easy to find and use for analysis. Our growing collection of datasets has been accessed by users in over 200 countries and territories.  HDX is managed by OCHA's Centre for Humanitarian Data, which is located in The Hague. OCHA is part of the United Nations Secretariat and is responsible for bringing together humanitarian actors to ensure a coherent response to emergencies. The HDX team includes OCHA staff and a number of consultants who are based in North America, Europe and Africa.",,Centre for Humanitarian Data,,Centre for Humanitarian Data,,Websites,Data portals,,,,eng,,,Continually updated resource,,,,,,,,,,,,,,published,CKAN,https://data.humdata.org/api/3/action/package_search,CKAN API,true,2025-11-17,Automated retrieval,Monthly,py_hdx,2021-11-11 11:06:21 -0600,2026-03-13 10:55:22 -0500,,,,,,b0153110-e455-4ced-9114-9b13250a7093,,,,,,,,,,Public,,,,,99-1400,https://data.humdata.org,,99-1400,,,py_hdx,1,
Scan Socrata Sites,,Harvest record - temporary,,,,,,Series,,,,,,,,,,,,,,,,,,,,,2026-03-30 / harvest,draft,Socrata,https://data.bloomington.in.gov/data.json,DCAT API,true,2026-03-30,Automated retrieval,Monthly,py_socrata,2026-03-28 16:04:37 -0500,2026-04-01 20:42:33 -0500,,,,,,,,,,,,,,,,Public,true,,,,py_socrata,,,01c-01,,,2026-04-30,Scheduled,26,,No Review,8 websites,,"Website for finding and accessing open data provided by the City of Bloomington, Indiana",,,,Indiana--Bloomington,,Websites,Data portals,Municipal government records,,,eng,,,Continually updated resource,,,,Indiana--Bloomington|Indiana,"-86.592,39.121,-86.471,39.221","POLYGON((-86.592 39.221, -86.471 39.221, -86.471 39.121, -86.592 39.121, -86.592 39.221))","39.171,-86.5315",,,,,,,published,Socrata,https://data.bloomington.in.gov/data.json,DCAT API,true,2026-02-08,Automated retrieval,Weekly,py_socrata,2021-04-27 10:43:06 -0500,2026-03-29 12:35:33 -0500,,2026-02-02,,,,ba5cc745-21c5-4ae9-954b-72dd8db6815a,,,,,,,,,,Public,,,,,,https://data.bloomington.in.gov,,01c-01,,,py_socrata,8,8 websites
Harvest record for Western Pennsylvania Regional Data Center Open Data,,Harvest record - temporary,,,,,,Series,,,,,,,,,,,,,,,,,,,,,"2026-03-29 / harvest / added 365, retired 1",draft,CKAN,http://www.wprdc.org/api/3/action/package_list,CKAN API,,2026-03-31,Automated retrieval,Quarterly,py_ckan,2026-03-28 16:04:23 -0500,2026-04-01 20:42:32 -0500,,,,,,,,,,,,,,,,Public,true,,,,harvest_08f-01,08f-01,,08f-01,,"CKAN script outputs requires manual edits, especially the distributions.",2026-06-30,Scheduled,87,,No Review,Western Pennsylvania Regional Data Center Open Data,,"The Western Pennsylvania Regional Data Center supports key community initiatives by making public information easier to find and use. The Data Center provides a technological and legal infrastructure for data sharing to support a growing ecosystem of data providers and data users. The Data Center maintains Allegheny County and the City of Pittsburgh’s open data portal, and provides a number of services to data publishers and users. The Data Center also hosts datasets from these and other public sector agencies, academic institutions, and non-profit organizations. The Data Center is managed by the University of Pittsburgh’s Center for Social and Urban Research, and is a partnership of the University, Allegheny County and the City of Pittsburgh.",,,,University of Pittsburgh,,Websites,Data portals,Intergovernment records,,,eng,,,Continually updated resource,,,,Pennsylvania,"-80.521,39.720,-74.689,42.515","POLYGON((-80.521 42.515, -74.689 42.515, -74.689 39.720, -80.521 39.720, -80.521 42.515))","41.1175,-77.60499999999999",,,,,,,published,CKAN,http://www.wprdc.org/api/3/action/package_list,CKAN API,true,2021-04-27,Automated retrieval,Quarterly,py_ckan,2021-04-27 13:50:03 -0500,2026-03-29 18:06:30 -0500,,,,,,ba5cc745-21c5-4ae9-954b-72dd8db6815a,,,,,,,,,,Public,,,,,08f-01,http://www.wprdc.org,,08f-01,,,py_ckan,1,
Harvest record for Illinois Geospatial Data Clearinghouse,,Harvest record - temporary,,,,,,Series,,,,,,,,,,,,,,,,,,,,,"2026-03-30 | harvest | 5 added, 5 retired",draft,Custom data portal,https://clearinghouse.isgs.illinois.edu/data,HTML,,2026-03-30,Automated retrieval,Quarterly,py_isgs,2026-03-28 16:05:02 -0500,2026-04-01 20:42:34 -0500,,,,,,,,,,,,,,,,Public,true,,,,harvest_02a-01,02a-01,,02a-01,,Python harvester for this script needs attention to generate all needed fields and provide more feedback.,2026-06-30,Scheduled,87,,No Review,Illinois Geospatial Data Clearinghouse,,Website for finding and accessing open data provided by Illinois State Geological Survey,,Illinois State Geological Survey|Prairie Research Institute|University of Illinois Urbana-Champaign,,Illinois State Geological Survey,,Websites,Data portals,State government records,,,eng,,,Continually updated resource,,,,Illinois,"-91.51,36.97,-87.02,42.51","POLYGON((-91.51 42.51, -87.02 42.51, -87.02 36.97, -91.51 36.97, -91.51 42.51))","39.739999999999995,-89.265",,,,,,,published,Custom data portal,https://clearinghouse.isgs.illinois.edu/data,HTML,true,2025-08-23,Automated retrieval,Monthly,py_isgs,2021-04-27 13:49:59 -0500,2026-03-29 13:39:37 -0500,,,,,,dc8c18df-7d64-4ff4-a754-d18d0891187d,,,,,,,,,,Public,,,,,02a-01,https://clearinghouse.isgs.illinois.edu,,02a-01,,,py_isgs,1,
Harvest record for PASDA: The Pennsylvania Geospatial Data Clearinghouse,,Harvest record - temporary,,,,,,Series,,,,,,,,,,,,,,,,,,,,,"2025-11-18 / harvest / 289 added, 1 retired|2026-03-30 / harvest / 32 added, 1 retired",draft,Custom data portal,https://www.pasda.psu.edu/uci/SearchResults.aspx?Keyword=+,HTML,true,2026-03-30,Automated retrieval,Quarterly,py_pasda,2026-03-28 16:05:03 -0500,2026-04-01 20:42:31 -0500,,,,,,,,,,,,,,,,Public,true,,,,harvest_08a-01,08a-01,,08a-01,,,2026-06-30,Scheduled,87,,No Review,PASDA: The Pennsylvania Geospatial Data Clearinghouse,,Pennsylvania Spatial Data Access (PASDA) is Pennsylvania's official public access open geospatial data portal. PASDA was developed in 1995 by the Pennsylvania State University and has served as the geospatial data portal for Pennsylvania for over twenty three years.,,Pennsylvania State University,,"Governor's Office of Administration, Office for Information Technology|Pennsylvania State University",,Websites,Data portals,State government records|County government records|Municipal government records,,State agencies geospatial data,eng,,,,,,,,"-80.521,39.720,-74.689,42.515","POLYGON((-80.521 42.515, -74.689 42.515, -74.689 39.720, -80.521 39.720, -80.521 42.515))","41.1175,-77.60499999999999",,,,,,,published,Custom data portal,https://www.pasda.psu.edu/uci/SearchResults.aspx?Keyword=+,HTML,true,2025-11-16,Automated retrieval,Monthly,py_pasda,2021-04-27 13:50:03 -0500,2026-03-29 17:43:01 -0500,,,,,,ba5cc745-21c5-4ae9-954b-72dd8db6815a,,,,,,,,,,Public,,,,,08a-01,https://www.pasda.psu.edu,,08a-01,,,py_pasda,1,
Harvest record for Urban Base Layers - Philadelphia,,Curated datasets from the city of Philadelphia,,,,,,Series,,,,,,,,,,,,,,,,,,,,,2025-12-09 / harvest / 5 datasets from ArcGIS Hub,draft,ArcGIS Hub,,,,2025-12-09,Manual curation,Annual,curation_datasets,2026-04-03 07:06:53 -0500,2026-04-04 07:33:31 -0500,,,,,,,,,,,,,,,,Public,,,,,b1g_42_60000,,,b1g_42_60000,,,2026-12-09,Scheduled,249,,No Review,,,,,,,,,,,,,,,,,,,,,,,,,,,,,,,,,,,,,,,,,,,,,,,,,,,,,,,,,,,,,,,,,,,,curation_datasets,0,
Harvest record for Urban Base Layers - Columbus,,Curated datasets from the city of Columbus,,,,,,Series,,,,,,,,,,,,,,,,,,,,,"2026-01-05 / acquisition / city shared geodatabase|2026-01-14 / ingest / 1 geodatabase, 6 layers",draft,,,,,2026-01-05,Mediated deposit,Annual,curation_datasets,2026-04-03 07:06:52 -0500,2026-04-04 07:33:31 -0500,,,,,,,,,,,,,,,,Public,,,,,b1g_39_18000,,,b1g_39_18000,,,2027-01-05,Scheduled,276,,No Review,,,,,,,,,,,,,,,,,,,,,,,,,,,,,,,,,,,,,,,,,,,,,,,,,,,,,,,,,,,,,,,,,,,,curation_datasets,0,
Harvest record for Urban Base Layers - Baltimore,,Curated datasets from the city of Baltimore,,,,,,Series,,,,,,,,,,,,,,,,,,,,,2026-01-23 / acquisition / City shared geodatabase|2026-02-06 / ingest / 22 records ,draft,,,,,2026-01-23,Mediated deposit,Annual,curation_datasets,2026-04-03 07:06:52 -0500,2026-04-04 07:33:31 -0500,,,,,,,,,,,,,,,,Public,,,,,b1g_24_51000,,,b1g_24_51000,,,2027-01-23,Scheduled,294,,No Review,,,,,,,,,,,,,,,,,,,,,,,,,,,,,,,,,,,,,,,,,,,,,,,,,,,,,,,,,,,,,,,,,,,,curation_datasets,0,
Indiana Historic Maps,,"Indiana Historic Maps provides images of a small portion of maps that focus on Indiana. The majority of this collection focuses on maps produced prior to 1923 unless known to be in the public domain as state or federal documents. In addition, Indiana University Bloomington holds an outstanding collection of print maps by and about geographic areas covering the state of Indiana. Most well known of these are the Sanborn Fire Insurance maps which have been digitized through 1923 and now available at: https://libraries.indiana.edu/union-list-sanborn-maps. In addition we own many maps produced by Indiana State government agencies including state and county highway maps, IGS geologic maps and DNR park maps; U.S. Federal agencies such as the USGS topographic maps, Congressional survey maps and AMS maps from the 1940s; as well as privately produced maps for the state but also cities and counties.",,Indiana University,,Indiana University,Indiana University,Series,,,,,eng,,,1816-2002,,1816,1816-2002,Indiana,"-88.1,37.77,-84.78,41.76","POLYGON((-88.1 41.76, -84.78 41.76, -84.78 37.77, -88.1 37.77, -88.1 41.76))","39.765,-86.44",,,,,,2023-01-01 / harvest,draft,Samvera Hyrax,,,,2023-01-01,Mediated deposit,Irregular,S01_csv,2021-04-27 10:43:05 -0500,2026-04-01 20:43:24 -0500,2021-04-27,,Digital collection,,https://webapp1.dlib.indiana.edu/images/images/iu_crimson.gif,64bd8c4c-8e60-4956-b43d-bdc3f93db488,01d-00,,,,,,,,,Public,,,,,01d-01,https://webapp1.dlib.indiana.edu/images/splash.htm?scope=IUBMaps,,01d-01,review:2y,,,No Schedule,,2025-01-01,Due,,,,,,,,,,,,,,,,,,,,,,,,,,,,,,,,,,,,,,,,,,,,,,,,,,,,,,,,,,,,,,,,,,,,S01_csv,0,
Russian Military Topographic Map Collection,,"The bulk of Indiana University's Russian Military Topographic Map Collection is made up of the Soviet Red Army topographic maps, which were produced for defense and economic planning. This collection came to Indiana University from the duplicate map room of the Library of Congress Map Collection in the early 1990s. These maps cover not only parts of Russia and Eastern Europe, but extend as far north as Scandinavia, as far west as Germany and the Netherlands, and as far south as Iran.",An interactive index map of the collection is located here: https://arcg.is/0DzHaj,Indiana University,,Indiana University,Indiana University,Series,,Map collections,,Soviet Union,rus,,,approximately 1850 to 1942,,1850,1850-1942,Russia|Ukraine|Belarus|Poland|Lithuania|Estonia|Latvia|Finland|Azerbaijan|Romania|Ukraine|Kazakhstan|Moldova|Hungary|Slovakia|Iran,"19.4,25.3,179.9,82.1","POLYGON((19.4 82.1, 179.9 82.1, 179.9 25.3, 19.4 25.3, 19.4 82.1))","53.699999999999996,99.65",,,,,,2023-01-01 / harvest,draft,Samvera Hyrax,,,,2023-01-01,Mediated deposit,Irregular,S01_csv,2021-04-27 10:43:00 -0500,2026-04-01 20:43:24 -0500,2021-04-27,,,,,64bd8c4c-8e60-4956-b43d-bdc3f93db488,01d-00,,,,,,,,,Public,,,,,01d-03,https://digitalcollections.iu.edu/collections/n8710x07k,,01d-03,review:2y,,,No Schedule,,2025-01-01,Due,,,,,,,,,,,,,,,,,,,,,,,,,,,,,,,,,,,,,,,,,,,,,,,,,,,,,,,,,,,,,,,,,,,,S01_csv,0,
Harvest record for EDGE Geodata datasets,,Curated datasets from the EDGE Geodata ArcGIS Hub,,,,,,Series,,,,,,,,,,,,,,,,,,,,,"2025-03-06 / download / 90 shapefiles exported, 2 failed to download|2026-04-02 / ingest / 88 geopackages ingested, 9 PDF/A documentation files attached to 73 records",draft,ArcGIS Hub,https://data-nces.opendata.arcgis.com/api/feed/dcat-us/1.1.json,DCAT API,,2025-03-06,Manual curation,Irregular,curation_datasets,2026-04-03 12:53:41 -0500,2026-04-04 08:31:06 -0500,,,,,,,,,,,,,,,,Public,,,,,harvest_b1g_30g-01,,,b1g_30g-01,review:2y,"2026-04-04 / b1g_Htz4Bc8Guzln and b1g_TCEo2ltd2AKo not published as datasets are larger than 500 MB; Some data dictionaries have over 255 fields, likely lost data when downloaded shapefile, could revisit",,No Schedule,,2027-03-06,Scheduled,,,,,,,,,,,,,,,,,,,,,,,,,,,,,,,,,,,,,,,,,,,,,,,,,,,,,,,,,,,,,,,,,,,,curation_datasets,0,
Harvest record for ArcGIS Online at the University of Minnesota,,Harvest record - temporary,,,,,,Series,,,,,,,,,,,,,,,,,,,,,2025-08-24 / review,draft,ArcGIS Online,https://umn.maps.arcgis.com/home/search.html?restrict=false&sortField=relevance&sortOrder=desc&searchTerm=owner%3A%22University_of_Minnesota%22#content,HTML,,2025-08-24,Automated retrieval,Irregular,py_arcgis_online,2026-03-28 16:05:03 -0500,2026-04-01 20:42:36 -0500,,,,,,,,,,,,,,,,Public,true,,,,harvest_05d-07,05d-07,,05d-07,ogm|review:1y,,,No Schedule,,2026-08-24,Scheduled,ArcGIS Online at the University of Minnesota,,Geospatial web services created by the University of Minnesota's U-Spatial,,U-Spatial,,University of Minnesota,University of Minnesota,Websites,Data portals,,,,eng,,,,,,,,"179.000,-75.000,-179.000,85.000","POLYGON((179.000 85.000, -179.000 85.000, -179.000 -75.000, 179.000 -75.000, 179.000 85.000))","5.0,0.0",,,,,,,published,ArcGIS Online,https://umn.maps.arcgis.com/home/search.html?restrict=false&sortField=relevance&sortOrder=desc&searchTerm=owner%3A%22University_of_Minnesota%22#content,HTML,true,2025-08-24,Automated retrieval,Annual,py_arcgis_online,2022-01-20 16:42:40 -0600,2026-03-29 15:10:44 -0500,,,,,,,,,,,,,,,,Public,,,,,05d-07,https://umn.maps.arcgis.com,,05d-07,ogm,,py_arcgis_online,1,
Harvest record for Hoosier Resilience Index: Indiana,,Harvest record - temporary,,,,,,Series,,,,,,,,,,,,,,,,,,,,,2021-10-21 / harvest,draft,ArcGIS Online,,,,2021-10-21,Automated retrieval,Irregular,py_arcgis_online,2026-03-28 16:05:04 -0500,2026-04-01 20:42:54 -0500,,,,,,,,,,,,,,,,Public,true,,,,harvest_01d-04,01d-04,,01d-04,review:1y,,,No Schedule,,2022-10-21,Due,Hoosier Resilience Index: Indiana,,"Interactive maps and charts for exploring statewide and county-by-county extreme heat, extreme precipitation, and floodplain land use data",,Environmental Resilience Institute,,Indiana University,Indiana University,Websites,Interactive resources,Universities and colleges--Research institutes,Environment|Climate,,eng,,,Continually updated resource,,,,Indiana,"-88.100,37.772,-84.785,41.761","POLYGON((-88.100 41.761, -84.785 41.761, -84.785 37.772, -88.100 37.772, -88.100 41.761))","39.7665,-86.4425",,,,,,,published,ArcGIS Online,,Manual,true,2021-10-21,Automated retrieval,Irregular,py_arcgis_online,2021-07-23 09:43:34 -0500,2026-03-29 12:57:56 -0500,,,,,,b0153110-e455-4ced-9114-9b13250a7093,,,,,,,,,,Public,,,,,01d-04,https://hri.eri.iu.edu/index.html,,01d-04,,,py_arcgis_online,1,
Harvest record for Michigan State University Libraries Maps,,Harvest record - temporary,,,,,,Series,,,,,,,,,,,,,,,,,,,,,2021-04-27 / harvest,draft,HTML/JS,https://d.lib.msu.edu/oai,OAI-PMH,,2021-04-27,Automated retrieval,Irregular,py_mods,2026-03-28 16:05:08 -0500,2026-04-01 20:43:01 -0500,,,,,,,,,,,,,,,,Public,true,,,,harvest_06d-01,06d-01,,06d-01,ogm|review:2y,,,No Schedule,,2023-04-27,Due,Michigan State University Libraries Maps,,Maps from the Michigan State University Map Library.,,Michigan State University,,,Michigan State University,Websites,Digital repositories,Map collections,,,eng,,,1656-1933,,1656,1656-1933,Michigan|Africa|World,"-180.000,-90.000,180.000,90.000","ENVELOPE(-180,180,90,-90)","0.0,0.0",,,,,,,published,HTML/JS,https://d.lib.msu.edu/oai,OAI-PMH,true,2021-04-27,Automated retrieval,Irregular,py_mods,2021-04-27 13:49:59 -0500,2026-03-29 17:30:28 -0500,,,,,,64bd8c4c-8e60-4956-b43d-bdc3f93db488,,,,,,,,,,Public,,,,,06d-01,https://d.lib.msu.edu/maps,,06d-01,ogm,,py_mods,1,
Harvest record for 17d-01 UW Digital Collections Skinner Maps,,"Harvest record

""Skinner (G. William) Map Collection"" with setSpec ""skinner"".",,,,,,Series,,,,,,,,,,,,,,,,,,,,,2026-03-28 / harvest / in dev site waiting approval,draft,CONTENTdm,https://cdm16786.contentdm.oclc.org/oai/oai.php,OAI-PMH,,2026-03-30,Automated retrieval,Irregular,py_oai_qdc,2026-03-26 10:47:13 -0500,2026-04-01 20:42:31 -0500,,,,,,,,,,,,,,,,Restricted,,,,,harvest_17d-01_skinner,,,17d-01,review:1y,,,No Schedule,,2027-03-30,Scheduled,,,,,,,,,,,,,,,,,,,,,,,,,,,,,,,,,,,,,,,,,,,,,,,,,,,,,,,,,,,,,,,,,,,,py_oai_qdc,0,
Aerial Stereograms,,"The University of Illinois at Urbana-Champaign Committee on Aerial Photography began to prepare a set of aerial stereogram photographs to support instruction in aerial photography interpretation in 1959. The stereograms were created primarily from United States government photography. Source image dates range between 1936 and 1970.|A stereogram is usually a “3D” picture hidden within a picture; they often appear in Sunday newspaper comic strip supplements. Aerial stereograms are created from pairs of aerial photographs that show the same location but from slightly different angles. By viewing the photo pairs through a stereoscope, the brain can be tricked into seeing or perceiving an impression of heights and depths.|The aerial stereograms in the Committee on Aerial Photography collection show a wide variety of features, both natural and man-made, throughout the United States. Brief descriptions of each stereogram are available in a separately-published catalog, “University of Illinois Catalog of Stereogram Aerial Photographs.” The catalog is included in the scanned collection.|Instructors are encouraged to download and print the images for classroom or laboratory instructional use.|Please contact the Map Library with questions regarding reproduction for publication via e-mail (http://www.library.illinois.edu/mailform/mail.php?emailcode=mapandgeog) or by calling 217-333-0827.",,University of Illinois Urbana-Champaign,,,University of Illinois Urbana-Champaign,Series,Digital repositories,Map collections,,Aerial Stereograms,eng,,Aerial Stereograms,1936-1970,1936,1936,1936-1970,United States|Canada|Papua New Guinea,,,,,,,,,2023-01-01 / harvest,draft,Blacklight,tbd,OAI-PMH,,2023-01-01,Automated retrieval,Irregular,py_oaipmh,2023-02-20 22:06:39 -0600,2026-04-01 20:42:35 -0500,2025-01-01,,Website,,"https://images.digital.library.illinois.edu/iiif/2/87f1f270-8a15-0137-6d99-02d0d7bfd6e4-2/full/!512,512/0/default.jpg",dc8c18df-7d64-4ff4-a754-d18d0891187d,02d-01,,,,,,In Copyright - Educational Use Permitted|http://rightsstatements.org/vocab/InC-EDU/1.0/|Instructors are encouraged to download and print the images for classroom or laboratory instructional use. Please contact the Map Library with questions regarding reproduction for publication via e-mail (http://www.library.illinois.edu/mailform/mail.php?emailcode=mapandgeog) or by calling 217-333-0827.,,,Public,,,,,02d-01-003,https://digital.library.illinois.edu/collections/8d8fb3d0-41f8-0137-6c50-02d0d7bfd6e4-6,,02d-03,review:1y,,,No Schedule,,2024-01-01,Due,,,,,,,,,,,,,,,,,,,,,,,,,,,,,,,,,,,,,,,,,,,,,,,,,,,,,,,,,,,,,,,,,,,,py_oaipmh,0,
Harvest record for Digital Collections at the University of Illinois at Urbana-Champaign Library,,Harvest record - temporary,,,,,,Series,,,,,,,,,,,,,,,,,,,,,2021-04-27 / harvest,draft,Blacklight,https://digital.library.illinois.edu/oai-pmh/idhh,OAI-PMH,,2021-04-27,Automated retrieval,Irregular,py_oaipmh,2026-03-28 16:05:08 -0500,2026-04-01 20:42:47 -0500,,,,,,,,,,,,,,,,Public,true,,,,harvest_02d-01,02d-01,,02d-01,ogm|review:2y,,,No Schedule,,2023-04-27,Due,Digital Collections at the University of Illinois at Urbana-Champaign Library,,,,University of Illinois Urbana-Champaign,,,University of Illinois Urbana-Champaign,Websites,Digital repositories,Map collections,,,eng,,,,,,,,"-180.000,-90.000,180.000,90.000","ENVELOPE(-180,180,90,-90)","0.0,0.0",,,,,,,published,Blacklight,https://digital.library.illinois.edu/oai-pmh/idhh,OAI-PMH,true,2021-04-27,Automated retrieval,Irregular,py_oaipmh,2021-04-27 13:50:03 -0500,2026-03-29 13:41:10 -0500,,,,,,64bd8c4c-8e60-4956-b43d-bdc3f93db488,,,,,,,,,,Public,,,,,02d-01,https://digital.library.illinois.edu,,02d-01,ogm,,py_oaipmh,1,
Harvest record for Maps of New Jersey,,Harvest record - temporary,,,,,,Series,,,,,,,,,,,,,,,,,,,,,2022-08-17 / harvest,draft,Drupal,https://rucore.libraries.rutgers.edu/api/dpla-oai-pmh/?settype=portal&set=2Pp7Cy4Bs,OAI-PMH,,2022-08-17,Automated retrieval,Irregular,py_oaipmh,2026-03-28 16:05:09 -0500,2026-04-01 20:43:00 -0500,,,,,,,,,,,,,,,,Public,true,,,,harvest_14d-01,14d-01,,14d-01,ogm|review:2y,,,No Schedule,,2024-08-17,Due,Maps of New Jersey,,"The Maps of New Jersey portal charts over 300 years of the state’s development from multiple perspectives: geographic, geologic, political, environmental, historical. This “virtual collection” of maps is an aggregation of cartographic materials drawn from multiple collections within RUcore – The Rutgers University Community Repository.",,Rutgers University-New Brunswick,,,Rutgers University-New Brunswick,Websites,Digital repositories,Map collections,,,eng,,,,,,,New Jersey,"-75.563,38.791,-73.894,41.357","POLYGON((-75.563 41.357, -73.894 41.357, -73.894 38.791, -75.563 38.791, -75.563 41.357))","40.074,-74.7285",,,,,,,published,Drupal,https://rucore.libraries.rutgers.edu/api/dpla-oai-pmh/?settype=portal&set=2Pp7Cy4Bs,OAI-PMH,true,2022-08-17,Automated retrieval,Irregular,py_oaipmh,2022-08-17 09:54:16 -0500,2026-03-13 10:55:28 -0500,,,,,,64bd8c4c-8e60-4956-b43d-bdc3f93db488,,,,,,,,,,Public,,,,,14d-01,https://collections.libraries.rutgers.edu/njmaps,,14d-01,ogm,,py_oaipmh,1,
Harvest record for Northwestern University Digital Collections,,Harvest record - temporary,,,,,,Series,,,,,,,,,,,,,,,,,,,,,2024-02-28 / harvest,draft,NextJS,https://api.dc.library.northwestern.edu/api/v2/oai,OAI-PMH,,2024-02-28,Automated retrieval,Irregular,py_oaipmh,2026-03-28 16:05:08 -0500,2026-04-01 20:43:04 -0500,,,,,,,,,,,,,,,,Public,true,,,,harvest_15d-01,15d-01,,15d-01,ogm|review:1y,,,No Schedule,,2025-02-28,Due,Northwestern University Digital Collections,,"Digital resources from the Northwestern University Library collections – including letters, photographs, diaries, maps, and audiovisual materials - as well as licensed art historical images for teaching and reference.",,Northwestern University,,,Northwestern University,Websites,Digital repositories,Map collections,,,eng,,,,,,,,,,,,,,,,,published,NextJS,https://api.dc.library.northwestern.edu/api/v2/oai,OAI-PMH,true,2024-02-28,Automated retrieval,Irregular,py_oaipmh,2024-02-28 10:05:00 -0600,2026-03-13 10:55:32 -0500,,,,,,64bd8c4c-8e60-4956-b43d-bdc3f93db488,,,,,,,,,,Public,,,,,15d-01,https://dc.library.northwestern.edu,,15d-01,ogm,,py_oaipmh,1,
Harvest record for University of Iowa Digital Library: Atlases and Maps,,Harvest record - temporary,,,,,,Series,,,,,,,,,,,,,,,,,,,,,2025-09-16 / harvest,draft,Islandora,https://digital.lib.uiowa.edu/oai2/oai.php?verb=ListRecords&metadataPrefix=mods&set=ui_dep,OAI-PMH,,2025-09-16,Automated retrieval,Irregular,py_oaipmh,2026-03-28 16:05:08 -0500,2026-04-01 20:43:20 -0500,,,,,,,,,,,,,,,,Public,true,,,,harvest_03d-01,03d-01,,03d-01,ogm|review:1y,,,No Schedule,,2026-09-16,Scheduled,University of Iowa Digital Library: Atlases and Maps,,,,University of Iowa,,,University of Iowa,Websites,Digital repositories,Map collections,,,,,,,,,,,,,,,,,,,,published,Islandora,https://digital.lib.uiowa.edu/oai2/oai.php?verb=ListRecords&metadataPrefix=mods&set=ui_dep,OAI-PMH,true,2025-09-16,Automated retrieval,Irregular,py_oaipmh,2023-12-02 19:21:37 -0600,2026-03-29 14:06:41 -0500,,,,,,64bd8c4c-8e60-4956-b43d-bdc3f93db488,,,,,,,,,,Public,,,,,03d-01,https://digital.lib.uiowa.edu/islandora/object/ui_root?sort=mods_titleInfo_title_ss%20asc&islandora_solr_search_navigation=0&f%5B0%5D=RELS_EXT_isMemberOfCollection_uri_ms%3A%22info%5C%3Afedora%5C/ui%5C%3Amaps%22,,03d-01,ogm,,py_oaipmh,1,
Harvest record for University of Maryland Digital Collections,,Harvest record - temporary,,,,,,Series,,,,,,,,,,,,,,,,,,,,,2021-04-27 / harvest,draft,PHP,http://digital.lib.umd.edu/oaicat/OAIHandler,OAI-PMH,,2021-04-27,Automated retrieval,Irregular,py_oaipmh,2026-03-28 16:05:08 -0500,2026-04-01 20:43:25 -0500,,,,,,,,,,,,,,,,Public,true,,,,harvest_04d-01,04d-01,,04d-01,ogm|review:2y,"2024-06-26 / no IIIF links, Cors errors",,No Schedule,,2023-04-27,Due,University of Maryland Digital Collections,,"The Maryland Map collection is a comprehensive collection of more than 2,500 maps depicting Maryland, the Chesapeake Bay, and the surrounding region from 1590 to the present. The collection contains many rare early maps of Maryland as well as more modern maps produced by state and local governments.",,University of Maryland,,,University of Maryland,Websites,Digital repositories,Map collections,,,eng,,,,,,,Maryland,"-79.487,37.887,-74.985,39.723","POLYGON((-79.487 39.723, -74.985 39.723, -74.985 37.887, -79.487 37.887, -79.487 39.723))","38.805,-77.23599999999999",,,,,,,published,PHP,http://digital.lib.umd.edu/oaicat/OAIHandler,OAI-PMH,true,2021-04-27,Automated retrieval,Irregular,py_oaipmh,2021-04-27 13:49:59 -0500,2026-03-29 14:22:16 -0500,,,,,,64bd8c4c-8e60-4956-b43d-bdc3f93db488,,,,,,,,,,Public,,,,,04d-01,https://www.lib.umd.edu/mdmap/?pid=umd:57340,,04d-01,ogm,,py_oaipmh,1,
Historical Maps Online: University of Illinois,,"The Historical Maps Online collection contains images of maps charting the last 400 years of historical development in Illinois and the Northwest Territory, including historic topographic maps of Illinois. The collection also contains early large-scale topographic quadrangles published by the United States Geological Survey in the late nineteenth and early twentieth centuries.",,University of Illinois Urbana-Champaign,,,University of Illinois Urbana-Champaign,Series,Digital repositories,Map collections,,,eng,,Historical Maps Online,,,,,,"-180.000,-90.000,180.000,90.000","ENVELOPE(-180,180,90,-90)","0.0,0.0",,,,,,2023-01-01 / harvest,draft,Blacklight,https://digital.library.illinois.edu/oai-pmh/idhh?verb=ListRecords&set=810d3fa0-e3fb-012f-c5b6-0019b9e633c5-a&metadataPrefix=oai_idhh,OAI-PMH,,2023-01-01,Automated retrieval,Irregular,py_oaipmh,2021-04-27 13:50:03 -0500,2026-04-01 20:43:24 -0500,2021-04-27,,Website,,"https://images.digital.library.illinois.edu/iiif/2/9d480e60-5caa-0132-3334-0050569601ca-c/full/!512,512/0/default.jpg",64bd8c4c-8e60-4956-b43d-bdc3f93db488,02d-01,,,,,,,,,Public,,,,,02d-01-001,https://digital.library.illinois.edu/collections/810d3fa0-e3fb-012f-c5b6-0019b9e633c5-a,,02d-01,review:2y,,,No Schedule,,2025-01-01,Due,,,,,,,,,,,,,,,,,,,,,,,,,,,,,,,,,,,,,,,,,,,,,,,,,,,,,,,,,,,,,,,,,,,,py_oaipmh,0,
Harvest record for American Geographical Society Library – UWM Libraries,,Harvest record - temporary,,,,,,Series,,,,,,,,,,,,,,,,,,,,,2025-06-01 / harvest,draft,GeoBlacklight,,GitHub,true,2025-06-01,Automated retrieval,Irregular,py_ogm_aardvark,2026-03-29 11:35:49 -0500,2026-04-01 20:42:35 -0500,,,,,,,,,,,,,,,,Public,true,,,,harvest_20d-0006,,,20d-0006,review:1y,,,No Schedule,,2026-06-01,Scheduled,,,,,,,,,,,,,,,,,,,,,,,,,,,,,,,,,,,,,,,,,,,,,,,,,,,,,,,,,,,,,,,,,,,,py_ogm_aardvark,0,
Harvest record for Geospatial Information Repository (CUGIR),,Harvest record - temporary,,,,,,Series,,,,,,,,,,,,,,,,,,,,,2025-08-23 / harvest,draft,GeoBlacklight,https://github.com/OpenGeoMetadata/edu.cornell,,,2025-08-23,Automated retrieval,Irregular,py_ogm_aardvark,2026-03-28 16:05:09 -0500,2026-04-01 20:42:51 -0500,,,,,,,,,,,,,,,,Public,true,,,,harvest_20d-0004,20d-0004,,20d-0004,review:1y,,,No Schedule,,2026-08-23,Scheduled,Geospatial Information Repository (CUGIR),,"CUGIR, the Cornell University Geospatial Information Repository, provides free and open access to geospatial data for New York State, as well as worldwide geospatial data created by researchers at Cornell. Our collections have traditionally focused on data relevant to agriculture, ecology, natural resources, and human-environment interactions. Subjects such as landforms and topography, soils, hydrology, environmental hazards, agricultural activities, wildlife and natural resource management are appropriate for inclusion in the CUGIR catalog. All data files are cataloged in accordance with FGDC standards and made available in widely used geospatial data formats.",,Cornell University,,,Cornell,Websites,Digital repositories,,,,eng,,,,,,,New York (State),"-79.762,40.477,-71.791,45.016","POLYGON((-79.762 45.016, -71.791 45.016, -71.791 40.477, -79.762 40.477, -79.762 45.016))","42.7465,-75.7765",,,,,,,published,GeoBlacklight,https://github.com/OpenGeoMetadata/edu.cornell,,true,2025-08-23,Automated retrieval,Irregular,py_ogm_aardvark,2023-03-13 21:26:47 -0500,2026-03-13 10:55:19 -0500,,,,,,dc8c18df-7d64-4ff4-a754-d18d0891187d,,,,,,,,,,Public,,,,,20d-0004,https://cugir.library.cornell.edu,,20d-0004,,,py_ogm_aardvark,1,
Harvest record for Harvard Geospatial Library,,Harvest record - temporary,,,,,,Series,,,,,,,,,,,,,,,,,,,,,2025-08-23 / harvest,draft,GeoBlacklight,https://github.com/OpenGeoMetadata/edu.harvard,,,2025-08-23,Automated retrieval,Irregular,py_ogm_aardvark,2026-03-28 16:05:09 -0500,2026-04-01 20:42:53 -0500,,,,,,,,,,,,,,,,Public,true,,,,harvest_20d-0001,20d-0001,,20d-0001,review:1y,,,No Schedule,,2026-08-23,Scheduled,Harvard Geospatial Library,,,,Harvard Library,,,Harvard,Websites,Digital repositories,,,,eng,,,,,,,,,,,,,,,,,published,GeoBlacklight,https://github.com/OpenGeoMetadata/edu.harvard,,true,2025-08-23,Automated retrieval,Irregular,py_ogm_aardvark,2022-03-04 16:15:17 -0600,2026-03-13 10:55:21 -0500,,,,,,64bd8c4c-8e60-4956-b43d-bdc3f93db488,,,,,,,,,,Public,,,,,20d-0001,https://hgl.harvard.edu,,20d-0001,,,py_ogm_aardvark,1,
Harvest record for Stanford Earthworks,,Earthworks is Stanford University Library's portal for discovery and distribution of geospatial data. Earthworks provides federated search of more than a dozen other research collections and direct access to data for download.,,,,,,Series,,,,,,,,,,,,,,,,,,,,,2025-12-31 / harvest,draft,GeoBlacklight,https://github.com/OpenGeoMetadata/edu.stanford.purl,GitHub,true,2025-12-31,Automated retrieval,Irregular,py_ogm_aardvark,2025-08-24 14:58:04 -0500,2026-04-01 20:43:16 -0500,,,,,,,,,,,,,,,,Public,true,,,,harvest_20d-0003,20d-0003,,20d-0003,review:1y,"Partially harvested - only adding public, nationwide or international datasets. (Not adding California records yet (2025-12-31)",,No Schedule,,2026-12-31,Scheduled,Earthworks,,Earthworks is Stanford University Library's portal for discovery and distribution of geospatial data. Earthworks provides federated search of more than a dozen other research collections and direct access to data for download.,,Stanford University Libraries,,Stanford University Libraries,Stanford,Websites,Digital repositories,,,,eng,,,,,,,,,,,,,,,,,published,GeoBlacklight,https://github.com/OpenGeoMetadata/edu.stanford.purl,GitHub,true,,Automated retrieval,As needed,py_ogm_aardvark,2025-08-24 14:58:04 -0500,2026-03-29 19:55:43 -0500,2025-08-24,,,,,,,,,,,,,,,Public,,,,,20d-0003,https://earthworks.stanford.edu,,20d-0003,,"Partially harvested - only adding public, nationwide or international datasets. (Not adding California records yet 0 2025-12-31)",py_ogm_aardvark,1,
Harvest record for Princeton University Libraries Digital Maps & Geospatial Data,,Harvest record - temporary,,,,,,Series,,,,,,,,,,,,,,,,,,,,,2025-08-23 / harvest,draft,GeoBlacklight,https://github.com/OpenGeoMetadata/edu.princeton,GeoBlacklight,,2025-08-23,Automated retrieval,Irregular,py_ogm_gbl1,2026-03-28 16:05:01 -0500,2026-04-01 20:43:11 -0500,,,,,,,,,,,,,,,,Public,true,,,,harvest_20d-0002,20d-0002,,20d-0002,review:1y,,,No Schedule,,2026-08-23,Scheduled,Princeton University Libraries Digital Maps & Geospatial Data,,,,Princeton University Libraries,,,Princeton,Websites,Digital repositories,,,,eng,,,,,,,,,,,,,,,,,published,GeoBlacklight,https://github.com/OpenGeoMetadata/edu.princeton,GeoBlacklight,true,2025-08-23,Automated retrieval,Irregular,py_ogm_gbl1,2022-03-03 21:41:01 -0600,2026-03-13 10:55:39 -0500,,,,,,,,,,,,,,,,Public,,,,,20d-0002,https://maps.princeton.edu,,20d-0002,,,py_ogm_gbl1,1,
Harvest record for Wisconsin Geological and Natural History Survey,,,,,,,,Series,,,,,,,,,,,,,,,,,,,,,2023-02-21 / harvest / email from UW with zipped file of JSONs|2026-04-01 / augment / updated Subject and Publisher values,draft,ArcGIS Web Application,,,,2026-04-01,Mediated deposit,,py_ogm_gbl1,2026-04-01 12:50:50 -0500,2026-04-01 22:46:01 -0500,,,,,,,,,,,,,,,,Public,,,,,harvest_10d-06,,,10d-06,review:2y,"Not part of edu.wisc repo, but present in geodata@wisc. JSON metadata sent directly via email.",,No Schedule,,,No Review,,,,,,,,,,,,,,,,,,,,,,,,,,,,,,,,,,,,,,,,,,,,,,,,,,,,,,,,,,,,,,,,,,,,py_ogm_gbl1,0,
Harvest record for edu.wisc,,Harvest record - temporary,,,,,,Series,,,,,,,,,,,,,,,,,,,,,"2026-04-01 / edit / UWDCC PLSS records updated Resource Class to ""Maps""; For Imagery, Resource Type to ""Index maps|2026-04-02 / harvest / 28 new records, 8 Polk County distribution links removed",draft,GitHub,https://github.com/opengeometadata/edu.wisc,GitHub,,2026-04-02,Mediated deposit,Irregular,py_ogmwisc,2026-04-01 11:47:20 -0500,2026-04-02 09:20:41 -0500,,,,,,,,,,,,,,,,Public,true,,,,harvest_10d_00,10d-03,,10d_00,,2026-04-01 / Will need to update harvester,,No Schedule,,,No Review,GeoData@Wisconsin,Robinson Map Library at UW-Madison Geospatial Data Collection,"Items held by the Robinson Map Library are archived copies of datasets originating from cities, counties, regional planning commissions, state agencies, federal agencies, and/or researchers across Wisconsin. This is a curated collection of data layers through time, largely dating back to 2010 (approximately). Beginning in 2017, the Map Library has systematically collected county data layers submitted annually to the Wisconsin Land Information Program’s (WLIP) call for public data. These data include roads and rights-of-way, hydrography, land use, parks/trails/recreation, address points, building footprints, PLSS control, and others. In addition to collecting and archiving specific county data layers on an annual basis, the library also archives Wisconsin data layers from agencies and organizations around the state that have been determined to be useful for academic/research audiences. There is value in keeping snapshots over time of these datasets to facilitate temporal analysis – and to digitally preserve the content for reliable long-term use.",,Robinson Map Library|State Cartographer's Office,,University of Wisconsin-Madison,University of Wisconsin-Madison,Websites,Digital repositories,,,,eng,,,Continually updated resource,,,,Wisconsin,"-92.89,42.49,-86.25,47.3","POLYGON((-92.89 47.3, -86.25 47.3, -86.25 42.49, -92.89 42.49, -92.89 47.3))","44.894999999999996,-89.57",,,,,,,published,GeoBlacklight,https://github.com/opengeometadata/edu.wisc,GitHub,true,2025-10-31,Mediated deposit,Irregular,py_ogmwisc,2021-04-26 11:54:16 -0500,2026-03-29 18:24:09 -0500,,,,,,dc8c18df-7d64-4ff4-a754-d18d0891187d,,,,,,,,,,Public,,,,,10d-03,https://geodata.wisc.edu,,10d-03,,,py_ogmwisc,1,
Harvest record for Michiganology,,Harvest record - temporary,,,,,,Series,,,,,,,,,,,,,,,,,,,,,2025-08-24 / harvest,draft,Preservica,,HTML,,2025-08-24,Mediated deposit,Irregular,py_opex,2026-03-28 16:05:03 -0500,2026-04-01 20:43:01 -0500,,,,,,,,,,,,,,,,Public,true,,,,harvest_06a-03,06a-03,,06a-03,review:1y,,,No Schedule,,2026-08-24,Scheduled,Michiganology,"RG 87-155 GLO Survey Maps, 1816-1860","The Archives of Michigan Digital Collections manages, preserves, and facilitates access to the electronic records collections of the Archives of Michigan, including those transferred by Michigan’s state and local government agencies or digitized by the Archives. All records visible in this portal are unrestricted and available for public use.",,Archives of Michigan,,,,Websites,Digital repositories,Map collections,,,eng,,"Surveyor Maps, 1816-1860",1816-1860,,1816,1816-1860,Michigan,"-90.42,41.7,-82.12,48.31","POLYGON((-90.42 48.31, -82.12 48.31, -82.12 41.7, -90.42 41.7, -90.42 48.31))","45.005,-86.27000000000001",,,,,,,published,Preservica,,HTML,true,2025-08-24,Mediated deposit,Irregular,py_opex,2021-06-10 14:01:19 -0500,2026-03-29 17:26:14 -0500,,,,,,77f-0001,,,,,,8888-003,,,,Public,,,,,06a-03,https://michigan.access.preservica.com/index.php?name=SO_6fddc953-2900-4836-9d12-4594349ecd96,,06a-03,,,py_opex,1,
Harvest record for UMedia: University of Minnesota python harvest,,Harvest record - temporary,,,,,,Series,,,,,,,,,,,,,,,,,,,,,2025-12-31 / harvest,draft,CONTENTdm-RubyOnRails,https://umedia.lib.umn.edu/search.json,JSON API,,2025-12-31,Automated retrieval,Irregular,py_umedia,2026-03-28 16:05:03 -0500,2026-04-01 20:43:20 -0500,,,,,,,,,,,,,,,,Public,true,,,,harvest_05d-01_py,05d-01,,05d-01,ogm,,,No Schedule,,,No Review,UMedia: University of Minnesota,,UMedia provides open access to digitized materials from across the University of Minnesota.,,University of Minnesota,,,University of Minnesota,Websites,Digital repositories,Map collections,,,eng,,,,,,,Minnesota|World,"-180.000,-90.000,180.000,90.000","ENVELOPE(-180,180,90,-90)","0.0,0.0",,,,,,,published,CONTENTdm-RubyOnRails,https://umedia.lib.umn.edu/search.json,JSON API,true,2025-12-31,Automated retrieval,Irregular,py_umedia,2021-04-26 12:02:52 -0500,2026-03-29 15:04:00 -0500,,,,,,64bd8c4c-8e60-4956-b43d-bdc3f93db488,,,,,,,,,,Public,,,,,05d-01,https://umedia.lib.umn.edu/search?facets%5Bcontributing_organization_name_s%5D%5B%5D=University+of+Minnesota+Libraries%2C+John+R.+Borchert+Map+Library.,,05d-01,ogm,,py_umedia,1,
Harvest record for American Panorama,,Harvest record - temporary,,,,,,Series,,,,,,,,,,,,,,,,,,,,,2025-09-20 / harvest,draft,,,,,2025-09-20,Manual curation,Irregular,template_children,2026-03-28 16:05:10 -0500,2026-04-01 20:42:35 -0500,,,,,,,,,,,,,,,,Public,true,,,,harvest_20d-0005,20d-0005,,20d-0005,review:1y,,,No Schedule,,2026-09-20,Scheduled,American Panorama,,"American Panorama is an historical atlas of the United States for the twenty-first century. It combines cutting-edge research with innovative interactive mapping techniques, designed to appeal to anyone with an interest in American history or a love of maps.",,"Nelson, Robert K.|LaDale Winling",,"Digital Scholarship Lab, University of Richmond",,Websites,Digital repositories,,,,eng,,,,,,,United States,,"MULTIPOLYGON(((-178.44 28.52, -154.76 28.52, -154.76 18.86, -178.44 18.86, -178.44 28.52)),((-125.11 49.19, -66.66 49.19, -66.66 24.82, -125.11 24.82, -125.11 49.19)),((-179.3 51.1, -129.9 51.1, -129.9 71.5, -179.3 71.5, -179.3 51.1)))",,,,,,,,published,,,,true,2025-09-20,Manual curation,Irregular,template_children,2025-09-20 15:30:25 -0500,2026-03-29 19:55:43 -0500,,,,,,,,,,,,,,,,Public,,,,,20d-0005,https://dsl.richmond.edu/panorama/,,20d-0005,,,template_children,1,
Harvest record for DigitalCommons@University of Nebraska-Lincoln,,Harvest record - temporary,,,,,,Series,,,,,,,,,,,,,,,,,,,,,2025-09-19 / review,draft,HTML/JS,oai:digitalcommons.unl.edu,OAI-PMH,,2025-09-19,Manual curation,Irregular,template_children,2026-03-28 16:05:09 -0500,2026-04-01 20:42:48 -0500,,,,,,,,,,,,,,,,Public,true,,,,harvest_13d-01,13d-01,,13d-01,ogm|review:1y,,,No Schedule,,2026-09-19,Scheduled,DigitalCommons@University of Nebraska-Lincoln,,"This is a digital repository of research data, theses, dissertations, and journal articles.",,University of Nebraska-Lincoln,,,University of Nebraska-Lincoln,Websites,Digital repositories,,,,eng,,,,,,,,,,,,,,,,,published,HTML/JS,oai:digitalcommons.unl.edu,OAI-PMH,true,2025-09-19,Manual curation,Irregular,template_children,2021-05-24 10:18:25 -0500,2026-03-13 10:55:13 -0500,,,,4.14 KB,,dc8c18df-7d64-4ff4-a754-d18d0891187d,,,,,,,,,,Public,,,,,13d-01,https://digitalcommons.unl.edu/,,13d-01,ogm,,template_children,1,
Harvest record for Dividing the City: Race-Restrictive Covenants in St. Louis and St. Louis County,,Harvest record - temporary,,,,,,Series,,,,,,,,,,,,,,,,,,,,,2023-05-11 / harvest,draft,GitHub,,,,2023-05-11,Manual curation,Irregular,template_children,2023-05-11 19:17:32 -0500,2026-04-01 20:42:48 -0500,,,,,,,,,,,,,,,,Public,true,,,,harvest_03d-02,b492921b-eebf-442f-acb4-1dc6b0d21cc8,,03d-02,ogm|review:2y,,,No Schedule,,2025-05-11,Due,,,,,,,,,,,,,,,,,,,,,,,,,,,,,,,,,,,,,,,,,,,,,,,,,,,,,,,,,,,,,,,,,,,,template_children,0,
Harvest record for Image and Multimedia Collections at the University of Nebraska-Lincoln,,Harvest record - temporary,,,,,,Series,,,,,,,,,,,,,,,,,,,,,2021-05-25 / harvest,draft,HTML/JS,,,,2021-05-25,Manual curation,Irregular,template_children,2026-03-28 16:05:06 -0500,2026-04-01 20:42:55 -0500,,,,,,,,,,,,,,,,Public,true,,,,harvest_13d-02,13d-02,,13d-02,ogm,,,No Schedule,,,No Review,Image and Multimedia Collections at the University of Nebraska-Lincoln,Media Commons at UNL,University of Nebraska-Lincoln Libraries Image and Multimedia Collections,,University of Nebraska-Lincoln,,,University of Nebraska-Lincoln,Websites,Digital repositories,Map collections,,,eng,,,,,,,,,,,,,,,,,published,HTML/JS,,,true,2021-05-25,Manual curation,Irregular,template_children,2021-05-24 10:22:26 -0500,2026-03-13 10:55:23 -0500,,,,,,dc8c18df-7d64-4ff4-a754-d18d0891187d,,,,,,,,,,Public,,,,,13d-02,https://mediacommons.unl.edu/,,13d-02,ogm,,template_children,1,
Harvest record for Iowa parcels ,,Harvest record - temporary,,,,,,Series,,,,,,,,,,,,,,,,,,,,,2023-01-01 / harvest,draft,,,,,2023-01-01,Mediated deposit,Irregular,template_children,2026-03-29 11:35:49 -0500,2026-04-01 20:42:56 -0500,,,,,,,,,,,,,,,,Public,true,,,,harvest_03d-06,78ebcce3-6558-430f-8c3c-7be8cb1fbda2,,03d-06,review:1y,Submitted by Jay Bowen along with guide on filtering c8996c0d-278b-4006-ad68-40009e0217e2,,No Schedule,,2024-01-01,Due,,,,,,,,,,,,,,,,,,,,,,,,,,,,,,,,,,,,,,,,,,,,,,,,,,,,,,,,,,,,,,,,,,,,template_children,0,
"Harvest record for Purdue Campus Maps: West Lafayette, Indiana, 1890-2014",,Harvest record - temporary,,,,,,Series,,,,,,,,,,,,,,,,,,,,,2021-05-07 / harvest,draft,Custom HTML/JS,,,,2021-05-07,Manual curation,Irregular,template_children,2026-03-28 16:05:07 -0500,2026-04-01 20:43:12 -0500,,,,,,,,,,,,,,,,Public,true,,,,harvest_09d-02,09d-02,,09d-02,review:1y,,,No Schedule,,2022-05-07,Due,"Purdue Campus Maps: West Lafayette, Indiana, 1890-2014",,"See Related Records below to download individual GeoTIFFs. The Purdue historical campus map collection was scanned and georeferenced by Purdue University Libraries. The physical maps were collected as Purdue University Campus Maps collection, located in the Virgina Kelly Karnes Archives and Special Collections, Purdue University Libraries. The collection details the growth of the Purdue University campus through the numerous campus maps, beginning with 1874 and ending with the most recent map. The map collection also provides an assortment of maps which focus on the unique features on campus. Copies of many of the campus maps can also be viewed via the Purdue University Libraries e-Archives: http://earchives.lib.purdue.edu/",,,,,Purdue University,Websites,Interactive resources,Map collections,,Imagery and Base Maps,eng,,,1890-2014,,1890,1890-1890,Indiana--West Lafayette|Indiana,"-86.936,40.402,-86.902,40.442","POLYGON((-86.936 40.442, -86.902 40.442, -86.902 40.402, -86.936 40.402, -86.936 40.442))","40.422,-86.91900000000001",,,,,,,published,Custom HTML/JS,,,true,2021-05-07,Manual curation,Irregular,template_children,2021-05-07 17:56:38 -0500,2026-03-29 18:09:20 -0500,,,,,,64bd8c4c-8e60-4956-b43d-bdc3f93db488|dc8c18df-7d64-4ff4-a754-d18d0891187d,,,,,,,,,,Public,,,,,09d-02,https://collections.lib.purdue.edu/campus,,09d-02,,,template_children,1,
Harvest record for Social Explorer,,Harvest record - temporary,,,,,,Series,,,,,,,,,,,,,,,,,,,,,2021-04-27 / harvest,draft,,,,,2021-04-27,Manual curation,Irregular,template_children,2026-03-28 16:05:10 -0500,2026-04-01 20:43:15 -0500,,,,,,,,,,,,,,,,Public,true,,,,harvest_999-0001,999-0001,,999-0001,review:1y,,,No Schedule,,2022-04-27,Due,Social Explorer,,"This interactive website allows users to create maps and reports from selected census statistics. 1790 to 1930: County, state and national data. 1940-2000: Census tract, county, state and national data. 2006- : ACS. Also includes religion data, U.S. Election data, UK Census 2011 data, and Ireland Religion data. Generate thematic maps for census tracts. It offers a growing selection of shapefile downloads.",Warning: Requires logging in through an organization with licensed access. Different institutions may have licenses for different years or locations.,,,Queens College Department of Sociology,,Websites,Interactive resources,Census,Society,SocialExplorer|Social|Explorer,eng,,,1790-present,,1790,1790-2021,United States,"-179.9,-14.8,-64.4,71.6","POLYGON((-179.9 71.6, -64.4 71.6, -64.4 -14.8, -179.9 -14.8, -179.9 71.6))","28.4,-122.15",,,,,,,published,,,,true,2021-04-27,Manual curation,Irregular,template_children,2021-04-27 15:42:46 -0500,2026-03-13 10:55:43 -0500,,,,,,999-licensed-resources,,,,,,8888-001,,,,Restricted,,,University of Chicago|University of Illinois Urbana-Champaign|Indiana University|University of Iowa|University of Maryland|University of Michigan|Michigan State University|University of Minnesota|The Ohio State University|Pennsylvania State University|Rutgers University-New Brunswick|University of Wisconsin-Madison,,999-0001,,,999-0001,,,template_children,1,
Harvest record for The Newberry Library Digital Collections,,Harvest record - temporary,,,,,,Series,,,,,,,,,,,,,,,,,,,,,2025-09-20 / harvest,draft,,,,,2025-09-20,Manual curation,Irregular,template_children,2026-03-28 16:05:10 -0500,2026-04-01 20:43:18 -0500,,,,,,,,,,,,,,,,Public,true,,,,harvest_77d-0004,77d-0004,,77d-0004,review:1y,,,No Schedule,,2026-09-20,Scheduled,The Newberry Library Digital Collections,,,,The Newberry Library,,,,Websites,Digital repositories,Map collections,,,eng,,,,,,,,,,,,,,,,,published,,,,true,2025-09-20,Manual curation,Irregular,template_children,2023-10-27 11:17:23 -0500,2026-03-13 10:55:45 -0500,,,,,,dc8c18df-7d64-4ff4-a754-d18d0891187d,,,,,,,,,,Public,,,,,77d-0004,https://collections.newberry.org,,77d-0004,,,template_children,1,
Harvest record for University of Minnesota Digital Conservancy DRUM,,Harvest record - temporary,,,,,,Series,,,,,,,,,,,,,,,,,,,,,2021-04-26 / harvest,draft,DSpace,,,,2021-04-26,Manual curation,Irregular,template_children,2026-03-28 16:05:05 -0500,2026-04-01 20:43:20 -0500,,,,,,,,,,,,,,,,Public,true,,,,harvest_05d-03,05d-03,,05d-03,ogm|review:1y,,,No Schedule,,2022-04-26,Due,University of Minnesota Digital Conservancy DRUM,,"DRUM is a publicly available collection of digital research data generated by U of M researchers, students, and staff. Anyone can search and download the data housed in the repository, instantly or by request.",,University of Minnesota,,,University of Minnesota,Websites,Digital repositories,,,Academic institutions geospatial data,eng,,,Continually updated resource,,,,,"-180.000,-90.000,180.000,90.000","ENVELOPE(-180,180,90,-90)","0.0,0.0",,,,,,,published,DSpace,,,true,2021-04-26,Manual curation,Irregular,template_children,2021-04-26 12:02:53 -0500,2026-03-29 15:07:26 -0500,,,,,,dc8c18df-7d64-4ff4-a754-d18d0891187d,,,,,,,,,,Public,,,,,05d-03,https://conservancy.umn.edu/handle/11299/166578,,05d-03,ogm,,template_children,1,
Harvest record for Wabash River Historical Maps and Imagery,,Harvest record - temporary,,,,,,Series,,,,,,,,,,,,,,,,,,,,,2021-05-07 / harvest,draft,ArcGIS Web Application,,,,2021-05-07,Manual curation,Irregular,template_children,2026-03-28 16:05:07 -0500,2026-04-01 20:43:21 -0500,,,,,,,,,,,,,,,,Public,true,,,,harvest_09d-01,09d-01,,09d-01,review:1y,,,No Schedule,,2022-05-07,Due,Wabash River Historical Maps and Imagery,,"Some time in the late 1980s, Dr. Robert Miles, retired Purdue University Professor of Civil Engineering, found himself rifling through a Dumpster bin in Louisville, Kentucky. He was rescuing a set of historic atlases that had been unceremoniously thrown out and left for dead. Miles retrieved the unusually oversized monographs (~3x2') and donated them to the Purdue Libraries Map Collection. The collection is additionally curious in that the maps published in this set represent an early success in the developmental history of using aerial photography to generate topographic maps. More about the history behind these maps and their source can be found on the original materials page. In the summer of 2006, volunteers from the Wabash and Erie Canal Park scanned the first of 4 volumes (Wabash River, Terre Haute to Logansport) and asked if the Libraries could help provide public access to the resulting scans.",,,,,Purdue University,Websites,Interactive resources,Map collections,,,eng,,,1929,,1929,1929-1929,Indiana|Indiana--Wabash River,"-87.529,39.400,-86.207,40.801","POLYGON((-87.529 40.801, -86.207 40.801, -86.207 39.400, -87.529 39.400, -87.529 40.801))","40.1005,-86.868",,,,,,,published,ArcGIS Web Application,,,true,2021-05-07,Manual curation,Irregular,template_children,2021-05-07 17:56:38 -0500,2026-03-29 18:09:14 -0500,,,,,,64bd8c4c-8e60-4956-b43d-bdc3f93db488|dc8c18df-7d64-4ff4-a754-d18d0891187d,,,,,,,,,,Public,,,,,09d-01,https://mapsweb.lib.purdue.edu/wabashriver/,,09d-01,,,template_children,1,
Harvest record for standalone resources,,"A grouping for one off datasets, maps or other resources that are not part of a group submission",,,,,,Series,,,,,,,,,,,,,,,,,,,,,2023-01-01 / harvest,draft,,,,,2023-01-01,Manual curation,Irregular,template_children,2026-03-29 11:35:50 -0500,2026-04-01 20:43:16 -0500,,,,,,,,,,,,,,,,Public,true,,,,harvest_standalone_resources,,,r00_01,review:1y,,,No Schedule,,2024-01-01,Due,,,,,,,,,,,,,,,,,,,,,,,,,,,,,,,,,,,,,,,,,,,,,,,,,,,,,,,,,,,,,,,,,,,,template_children,0,
Harvest parent record for U. Chicago's Social Science map collection,,This set of 46 items was contributed while the library was still using Django. We enriched the metadata and shared the records in several places. We will keep the original IDs and records and exclude them from U.Chicago 12d-00 harvests.,,,,,,Series,,,,,,,,,,,,,,,,,,,,,"2026-03-28 / harvest / harvested all maps, IIIF blocked, new items not published",draft,,,,,2026-03-30,Mediated deposit,Irregular,template_csv,2026-03-27 12:06:33 -0500,2026-04-01 20:42:31 -0500,,,,,,,,,,,,,,,,Restricted,,,,,harvest_12d-01_social_science_maps,,,12d-01,review:1y,This set of 46 items was contributed while the library was still using Django. We enriched the metadata and shared the records in several places. We will keep the original IDs and records and exclude them from U.Chicago 12d-00 harvests.,,No Schedule,,2027-03-30,Scheduled,,,,,,,,,,,,,,,,,,,,,,,,,,,,,,,,,,,,,,,,,,,,,,,,,,,,,,,,,,,,,,,,,,,,template_csv,0,
Harvest record for Bituminous coal mine maps of Pennsylvania,,Harvest record - temporary,,,,,,Series,,,,,,,,,,,,,,,,,,,,,2023-09-01 / harvest,draft,CONTENTdm,,,,2023-09-01,Mediated deposit,Irregular,template_csv,2026-03-28 16:05:06 -0500,2026-04-01 20:42:38 -0500,,,,,,,,,,,,,,,,Public,true,,,,harvest_08d-03,08d-03,,08d-03,ogm,,,No Schedule,,,No Review,Bituminous coal mine maps of Pennsylvania,,"The Bituminous coal mine maps of Pennsylvania were created by the Works Progress Administration from 1934-1938.  Workers transcribed information about the extent of underground bituminous coal mines on to these maps, as well as locations of oil and gas wells. These maps are based on 15-minute topographic quadrangles, divided into nine sections. (For example, ""Altoona 1"" represents the northwestern corner of the Altoona 15-minute quadrangle. ""Altoona 9"" represents the southeastern corner of the quadrangle).|Although some mine information was never transcribed, this set provides an excellent representation of the extent of mining throughout western and central Pennsylvania.|The counties covered include Allegheny, Armstrong, Beaver, Bedford, Blair, Bradford, Butler, Cambria, Cameron, Centre, Clarion, Clearfield, Clinton, Elk, Fayette, Forest, Fulton, Greene, Huntingdon, Indiana, Jefferson, Lawrence, Lycoming, Mercer, Somerset, Sullivan, Tioga, Venango, Washington, and Westmoreland.",,United States. Works Progress Administration,fst00558757,,Pennsylvania State University,Websites,Digital repositories,Map collections,Geology,,eng,,,1934-1938,,1934,1934-1938,Pennsylvania,"-80.52,39.72,-74.69,42.51","POLYGON((-80.52 42.51, -74.69 42.51, -74.69 39.72, -80.52 39.72, -80.52 42.51))","41.114999999999995,-77.60499999999999",,,,,,,published,CONTENTdm,,,true,2023-09-01,Mediated deposit,Irregular,template_csv,2022-12-19 18:47:15 -0600,2026-03-29 18:01:57 -0500,,,,,,64bd8c4c-8e60-4956-b43d-bdc3f93db488,,,,,,,,,,Public,,,,,08d-03,https://libraries.psu.edu/about/collections/bituminous-coal-mine-maps-pennsylvania,,08d-03,ogm,,template_csv,1,
"Harvest record for Center for Ancient Middle Eastern Landscapes, Institute for the Study of Ancient Cultures, University of Chicago",,Harvest record - temporary,,,,,,Series,,,,,,,,,,,,,,,,,,,,,2024-01-01 / harvest,draft,PHP,https://github.com/uchicago-its-web-services/camel-btaa,GitHub,,2024-01-01,Mediated deposit,Irregular,template_csv,2026-03-28 16:05:02 -0500,2026-04-01 20:42:39 -0500,,,,,,,,,,,,,,,,Public,true,,,,harvest_12d-04,12d-04,,12d-04,ogm|review:1y,,,No Schedule,,2025-01-01,Due,"Center for Ancient Middle Eastern Landscapes, Institute for the Study of Ancient Cultures, University of Chicago",,"Throughout its impressive history the Middle East has both influenced people’s activities and simultaneously been transformed by them. In order to understand its people, their societies, and how our world continues to develop it is critical to understand the continually evolving Middle Eastern landscape. The Center for Ancient Middle Eastern Landscapes (CAMEL) at the Oriental Institute is dedicated to investigating this region through a longitudinal study of its landscapes. Three tasks embody CAMEL’s mission:

1. The systematic collection and organization of contemporary and historical spatial data pertaining to the Middle East,

2. The application of pioneering avenues of inquiry for investigating this data, and

3. The facilitation of the work of numerous researchers and members of the public seeking to better understand all or part of ancient or modern Middle Eastern landscapes. CAMEL offers access to data in its historical archive of spatial data as freely as legally possible.",,University of Chicago,,,University of Chicago,Websites,Digital repositories,,,,eng,,"Center for Ancient Middle Eastern Landscapes, Institute for the Study of Ancient Cultures, University of Chicago",,,,,,,,,,,,,,,published,PHP,https://github.com/uchicago-its-web-services/camel-btaa,GitHub,true,2024-01-01,Mediated deposit,Irregular,template_csv,2023-03-07 13:02:36 -0600,2026-03-29 18:40:23 -0500,,,,,,b0153110-e455-4ced-9114-9b13250a7093,,,,,,,,,,Public,,,,,12d-04,https://camelab.uchicago.edu/collections/,,12d-04,,,template_csv,1,
Harvest record for Clark Library Scanned Maps,,Harvest record - temporary,,,,,,Series,,,,,,,,,,,,,,,,,,,,,2021-04-16 / harvest,draft,jsDelivr,,,,2021-04-16,Mediated deposit,Irregular,template_csv,2026-03-28 16:05:05 -0500,2026-04-01 20:42:44 -0500,,,,,,,,,,,,,,,,Public,true,,,,harvest_07d-01,07d-01,,07d-01,ogm|review:2y,,,No Schedule,,2023-04-16,Due,Clark Library Scanned Maps,,"This collection contains images of maps from the Stephen S. Clark Library for Maps, Government Information and Data Services' map collection. The images in this collection are in the public domain but please attribute access and use of these digitized maps to the Stephen S. Clark Library, University of Michigan Library. The print map collection from which these maps originate contains over 370,000 maps and is the principal collection for cartographic materials at the University of Michigan. We house the largest collection of printed maps in the state of Michigan, and one of the largest at an academic institution.",,University of Michigan,,,University of Michigan,Websites,Digital repositories,Map collections,,,eng,,,,,,,Michigan|World,"-180.000,-90.000,180.000,90.000","ENVELOPE(-180,180,90,-90)","0.0,0.0",,,,,,,published,jsDelivr,,,true,2021-04-16,Mediated deposit,Irregular,template_csv,2021-04-27 13:49:59 -0500,2026-03-29 17:35:15 -0500,,,,,,64bd8c4c-8e60-4956-b43d-bdc3f93db488,,,,,,,,,,Public,,,,,07d-01,https://quod.lib.umich.edu/c/clark1ic?page=index,,07d-01,ogm,,template_csv,1,
Harvest record for Donald W. Hamer Center for Maps and Geospatial Information Digital Map Drawer of Penn State Rare Maps,,Harvest record - temporary,,,,,,Series,,,,,,,,,,,,,,,,,,,,,2021-04-27 / harvest,draft,CONTENTdm,,,,2021-04-27,Mediated deposit,Irregular,template_csv,2026-03-28 16:05:05 -0500,2026-04-01 20:42:48 -0500,,,,,,,,,,,,,,,,Public,true,,,,harvest_08d-01,08d-01,,08d-01,ogm|review:2y,,,No Schedule,,2023-04-27,Due,Donald W. Hamer Center for Maps and Geospatial Information Digital Map Drawer of Penn State Rare Maps,,The Donald W. Hamer Center for Maps and Geospatial Information digital map drawer contains the subset of our physical map collection that has been digitized and is not protected by licensing or copyright. It includes historical maps from around the world and an assortment of other historical Pennsylvania maps.,,Pennsylvania State University,,,Pennsylvania State University,Websites,Digital repositories,Map collections,,,eng,,,,,,,Pennsylvania|World,"-180.000,-90.000,180.000,90.000","ENVELOPE(-180,180,90,-90)","0.0,0.0",,,,,,,published,CONTENTdm,,,true,2021-04-27,Mediated deposit,Irregular,template_csv,2021-04-27 13:49:59 -0500,2026-03-29 17:50:54 -0500,,,,,,64bd8c4c-8e60-4956-b43d-bdc3f93db488,,,,,,,,,,Public,,,,,08d-01,https://libraries.psu.edu/about/collections/digital-map-drawer,,08d-01,ogm,,template_csv,1,
Harvest record for ERDDAP,,Harvest record - temporary,,,,,,Series,,,,,,,,,,,,,,,,,,,,,2025-09-22 / harvest,draft,Custom HTML/JS,https://hfr.marine.rutgers.edu/erddap/info/index.csv,CSV endpoint,,2025-09-22,Automated retrieval,Irregular,template_csv,2026-03-28 16:04:24 -0500,2026-04-01 20:42:49 -0500,,,,,,,,,,,,,,,,Public,true,,,,harvest_14d-02,14d-02,,14d-02,ogm|review:1y,"Updated from https://hfr.marine.rutgers.edu/erddap/index.html September 22, 2025",,No Schedule,,2026-09-22,Scheduled,ERDDAP,,"ERDDAP is a data server that gives you a simple, consistent way to download subsets of scientific datasets in common file formats and make graphs and maps. This particular ERDDAP installation has oceanographic data (for example, data from satellites and buoys).",,United States. National Oceanic and Atmospheric Administration,http://id.worldcat.org/fast/529308,United States. National Oceanic and Atmospheric Administration,Rutgers University-New Brunswick,Websites,Digital repositories,,Oceans,,eng,,,continually updated resource,,,,United States|New Jersey,,,,,,,,,,published,Custom HTML/JS,https://hfr.marine.rutgers.edu/erddap/info/index.csv,CSV endpoint,true,2025-09-22,Automated retrieval,Annual,template_csv,2022-11-01 10:15:36 -0500,2026-03-13 10:55:16 -0500,,,,,,,,,,,,,,,,Public,,,,,14d-02,https://hfr.marine.rutgers.edu/erddap/index.html,,14d-02,ogm,"Updated from https://hfr.marine.rutgers.edu/erddap/index.html September 22, 2025",template_csv,1,
Harvest record for Early Modern Maps of the Americas,,Harvest record - temporary,,,,,,Series,,,,,,,,,,,,,,,,,,,,,2021-04-27 / harvest,draft,Django,,,,2021-04-27,Mediated deposit,Irregular,template_csv,2026-03-28 16:05:06 -0500,2026-04-01 20:42:49 -0500,,,,,,,,,,,,,,,,Public,true,,,,harvest_12d-02,12d-02,,12d-02,ogm|review:2y,,,No Schedule,,2023-04-27,Due,Early Modern Maps of the Americas,,This collection features early maps of the Americas from the University of Chicago Map Collection.,,University of Chicago,,,University of Chicago,Websites,Digital repositories,Map collections,,Early maps|World maps,eng,,,,,,,World,"-180.000,-90.000,180.000,90.000","ENVELOPE(-180,180,90,-90)","0.0,0.0",,,,,,,published,Django,,,true,2021-04-27,Mediated deposit,Irregular,template_csv,2021-04-27 13:49:59 -0500,2026-03-29 18:34:37 -0500,,,,,,64bd8c4c-8e60-4956-b43d-bdc3f93db488,,,,,,,,,,Public,,,,,12d-02,https://www.lib.uchicago.edu/collex/collections/early-modern-maps-americas/,,12d-02,ogm,,template_csv,1,
Harvest record for Geology Library and Map Room: The Ohio State University,,Harvest record - temporary,,,,,,Series,,,,,,,,,,,,,,,,,,,,,2022-06-10 / harvest,draft,Blacklight,,,,2022-06-10,Mediated deposit,Irregular,template_csv,2026-03-28 16:05:06 -0500,2026-04-01 20:42:51 -0500,,,,,,,,,,,,,,,,Public,true,,,,harvest_11d-02,11d-02,,11d-02,ogm|review:2y,,,No Schedule,,2024-06-10,Due,Geology Library and Map Room: The Ohio State University,,"This collection contains digitized items from Ohio State’s Geology Library and Map Room. These locations combined contain a majority of Ohio State’s over 4.5 million print maps holdings. Maps include local, state, national, and international locations.",,The Ohio State University,,,The Ohio State University,Websites,Digital repositories,Map collections,,,eng,,,,,,,,,,,,,,,,,published,Blacklight,,,true,2022-06-10,Mediated deposit,Irregular,template_csv,2022-06-10 11:35:37 -0500,2026-03-29 18:28:51 -0500,,,,,,64bd8c4c-8e60-4956-b43d-bdc3f93db488,,,,,,,,,,Public,,,,,11d-02,https://library.osu.edu/dc,,11d-02,ogm,,template_csv,1,
Harvest record for Indiana Sanborn Maps,,Harvest record - temporary,,,,,,Series,,,,,,,,,,,,,,,,,,,,,2024-03-07 / harvest,draft,IU DataCORE,,,,2024-03-07,Mediated deposit,Irregular,template_csv,2026-03-28 16:05:05 -0500,2026-04-01 20:42:55 -0500,,,,,,,,,,,,,,,,Public,true,,,,harvest_01d-05,01d-05,,01d-05,ogm|review:1y,,,No Schedule,,2025-03-07,Due,Indiana Sanborn Maps,,"Sanborn Fire Insurance Maps were made for the interests of fire insurance companies, but because they are detailed, building-by-building depictions of most urban areas, they are useful for many kinds of research.",,Indiana University,,,Indiana University,Websites,Digital repositories,Map collections,,,eng,,,,,,,Indiana,"-88.0997,37.7717,-84.7846,41.7614","POLYGON((-88.0997 41.7614, -84.7846 41.7614, -84.7846 37.7717, -88.0997 37.7717, -88.0997 41.7614))","39.76655,-86.44215",,,,,,,published,IU DataCORE,,,true,2024-03-07,Mediated deposit,Irregular,template_csv,2024-02-28 09:52:28 -0600,2026-03-29 12:57:58 -0500,,,,,,77f-0001|64bd8c4c-8e60-4956-b43d-bdc3f93db488,,,,,,,,,,Public,,,,,01d-05,https://datacore.iu.edu,,01d-05,ogm,,template_csv,1,
Harvest record for Indiana University Digital Collections,,Harvest record - temporary,,,,,,Series,,,,,,,,,,,,,,,,,,,,,2025-08-06 / harvest,draft,Samvera Hyrax,,,,2025-08-06,Mediated deposit,Irregular,template_csv,2026-03-28 16:05:04 -0500,2026-04-01 20:42:55 -0500,,,,,,,,,,,,,,,,Public,true,,,,harvest_01d-00,01d-00,,01d-00,ogm|review:1y,,,No Schedule,,2026-08-06,Scheduled,Indiana University Digital Collections,,Digital Collections is a growing repository of digital image collections held at Indiana University campuses.,,Indiana University,,,Indiana University,Websites,Digital repositories,Map collections,,,eng,,,,,,,,,,,,,,,,,published,Samvera Hyrax,,,true,2025-08-06,Mediated deposit,Irregular,template_csv,2025-08-06 15:45:46 -0500,2026-03-29 12:36:14 -0500,,,,,,64bd8c4c-8e60-4956-b43d-bdc3f93db488,,,,,,,,,,Public,,,,,01d-00,https://digitalcollections.iu.edu,,01d-00,ogm,,template_csv,1,
Harvest record for MN Digital Library CSV submissions,,temporary harvest record for MDL with CSVs submissions,,,,,,Series,,,,,,,,,,,,,,,,,,,,,2026-03-16 / harvest,draft,CONTENTdm-Blacklight,,,,2026-03-16,Mediated deposit,Irregular,template_csv,2026-03-30 13:52:02 -0500,2026-04-01 20:43:02 -0500,,,,,,,,,,,,,,,,Public,,,,,harvest_05d-13_csv,05d-13,,05d-13,review:1y,,,No Schedule,,2027-03-16,Scheduled,Minnesota Digital Library,,"The Minnesota Digital Library (MDL) supports discovery and education through access to unique digital collections shared by cultural heritage organizations from across the state of Minnesota. Our contributors include libraries, historical societies, museums, and archives. The Minnesota Digital Library also provides education and training opportunities concerning digitization best practices, metadata for digital collections, and digital preservation.|Begun in 2003, the Minnesota Digital Library includes digital content from over 200 participating organizations from across the state. Together we have digitized more than 60,000 photographs, postcards, maps, documents, letters, and oral histories. These materials are available online in a free searchable database.",,University of Minnesota,,,University of Minnesota,Websites,Digital repositories,Map collections,,,eng,,Minnesota Digital Library,,,,,,,,,,,,,,,published,CONTENTdm-Blacklight,,,true,2026-03-01,Mediated deposit,As Needed,template_csv,2025-01-31 14:42:10 -0600,2026-03-29 17:11:39 -0500,,,,,,64bd8c4c-8e60-4956-b43d-bdc3f93db488,05d-13,,,,,,,,,Public,,,,,05d-13,https://mndigital.org,,05d-13,,,template_csv,1,
Harvest record for Minnesota Natural Resource Atlas,,Harvest record - temporary,,,,,,Series,,,,,,,,,,,,,,,,,,,,,2022-05-20 / harvest,draft,Custom data portal,,,,2022-05-20,Mediated deposit,Irregular,template_csv,2026-03-28 16:05:07 -0500,2026-04-01 20:43:02 -0500,,,,,,,,,,,,,,,,Public,true,,,,harvest_05d-11,05d-11,,05d-11,review:1y,,,No Schedule,,2023-05-20,Due,Minnesota Natural Resource Atlas,,"The Interactive Map provides a basic set of GIS tools for viewing, searching, and manipulating mapped data. These tools allows users to measure, access attribute data, conduct basic summaries, query features, and view different combinations of spatial data. Information can be shared by exporting results and map images.",,Natural Resources Research Institute,,University of Minnesota Duluth,,Websites,Data portals,,,,eng,,,,,,,Minnesota,"-97.24,43.5,-89.48,49.38","POLYGON((-97.24 49.38, -89.48 49.38, -89.48 43.5, -97.24 43.5, -97.24 49.38))","46.44,-93.36",,,,,,,published,Custom data portal,none,,true,2022-05-20,Mediated deposit,Irregular,template_csv,2021-04-26 12:02:53 -0500,2026-03-29 15:11:09 -0500,,,,,,b0153110-e455-4ced-9114-9b13250a7093,,,,,,,,,,Public,,,,,05d-11,https://mnatlas.org,,05d-11,,,template_csv,1,
Harvest record for Polar Geospatial Center,,Harvest record - temporary,,,,,,Series,,,,,,,,,,,,,,,,,,,,,2021-04-26 / harvest,draft,Angular JS,,,,2021-04-26,Mediated deposit,Irregular,template_csv,2026-03-28 16:05:05 -0500,2026-04-01 20:43:10 -0500,,,,,,,,,,,,,,,,Public,true,,,,harvest_05d-06,05d-06,,05d-06,ogm|review:1y,,,No Schedule,,2022-04-26,Due,Polar Geospatial Center,,The Polar Geospatial Center curates a polar historical and contemporary map catalog from many organizations. Historical paper maps have been digitally scanned at a high resolution by the University of Minnesota's Borchert Map Library.,,University of Minnesota,,,University of Minnesota,Websites,Digital repositories,Map collections,,,eng,,,1956-present,,1956,1956-2020,Antarctica|Greenland|Arctic,"-180.000,-90.000,180.000,90.000","ENVELOPE(-180,180,90,-90)","0.0,0.0",,,,,,,published,Angular JS,,,true,2021-04-26,Mediated deposit,Irregular,template_csv,2021-04-26 12:02:53 -0500,2026-03-29 15:10:15 -0500,,,,,,64bd8c4c-8e60-4956-b43d-bdc3f93db488,,,,,,,,,,Public,,,,,05d-06,https://maps.apps.pgc.umn.edu/,,05d-06,ogm,,template_csv,1,
"Harvest record for Sanborn Maps: Pennsylvania, 1884-1938",,Harvest record - temporary,,,,,,Series,,,,,,,,,,,,,,,,,,,,,2021-04-27 / harvest,draft,CONTENTdm,,,,2021-04-27,Mediated deposit,Irregular,template_csv,2026-03-28 16:05:06 -0500,2026-04-01 20:43:13 -0500,,,,,,,,,,,,,,,,Public,true,,,,harvest_08d-02,08d-02,,08d-02,ogm|review:2y,,,No Schedule,,2023-04-27,Due,"Sanborn Maps: Pennsylvania, 1884-1938",,"The Sanborn Map Company, the best known of the U.S. fire-insurance map producers, has made maps since 1867. The fire insurance maps produced by Sanborn show building footprints, building material, height or number of stories, building use, lot lines, road widths and water facilities. The maps also show street names and property boundaries of the time. This collection of maps is historically significant as it is sometimes the best detailed map of a town or city dating from the mid 1800s. The Penn State University Libraries' Center for Maps and Geospatial Information has a near complete collection of Sanborn Fire Insurance maps for the state of Pennsylvania. The print collection can currently be accessed by contacting the Center staff.",,Pennsylvania State University,,,Pennsylvania State University,Websites,Digital repositories,Map collections,,,eng,,,1884-1938,,1884,1884-1884,Pennsylvania,"-80.521,39.720,-74.689,42.515","POLYGON((-80.521 42.515, -74.689 42.515, -74.689 39.720, -80.521 39.720, -80.521 42.515))","41.1175,-77.60499999999999",,,,,,,published,CONTENTdm,,,true,2021-04-27,Mediated deposit,Irregular,template_csv,2021-04-27 13:49:59 -0500,2026-03-29 17:59:43 -0500,,,,84 KB,,64bd8c4c-8e60-4956-b43d-bdc3f93db488,,,,,,,,,,Public,,,,,08d-02,https://libraries.psu.edu/about/collections/sanborn-fire-insurance-maps,,08d-02,ogm,,template_csv,1,
Harvest record for Social Scientists Map Chicago Collection,,Harvest record - temporary,,,,,,Series,,,,,,,,,,,,,,,,,,,,,2021-04-27 / harvest,draft,Django,,,,2021-04-27,Mediated deposit,Irregular,template_csv,2026-03-28 16:05:06 -0500,2026-04-01 20:43:15 -0500,,,,,,,,,,,,,,,,Public,true,,,,harvest_12d-01,12d-01,,12d-01,ogm|review:2y,,,No Schedule,,2023-04-27,Due,Social Scientists Map Chicago Collection,,"All of these maps (even those that say ""Dept. of Sociology"") were produced under the aegis of the Social Science Research Committee or its immediate predecessor, the Local Community Research Committee. Funded by the Laura Spelman Rockefeller Memorial, this entity particularly focused on supporting Chicago research. It is not clear who actually made the maps, although Ernest W. Burgess was definitely among those who administered the analysis of the data that underlay them. The maps were republished by the University of Chicago Press in Census Data of the City of Chicago, 1920 (1931), Census Data of the City of Chicago, 1930 (1933), and Census Data for the City of Chicago, 1934 (1934), although the versions used in the construction of this Web site are earlier editions published as separate pieces and held at the University of Chicago Map Collection. All of these maps (even those that say ""Dept. of Sociology"") were produced under the aegis of the Social Science Research Committee or its immediate predecessor, the Local Community Research Committee. Funded by the Laura Spelman Rockefeller Memorial, this entity particularly focused on supporting Chicago research. It is not clear who actually made the maps, although Ernest W. Burgess was definitely among those who administered the analysis of the data that underlay them. The maps were republished by the University of Chicago Press in Census Data of the City of Chicago, 1920 (1931), Census Data of the City of Chicago, 1930 (1933), and Census Data for the City of Chicago, 1934 (1934), although the versions found here are earlier editions published as separate pieces and held at the University of Chicago Map Collection. The maps were scanned at 360 dpi using NextImage software and were saved as tiff files",,University of Chicago,,,University of Chicago,Websites,Digital repositories,Map collections,,,eng,,,1873-1956,,1873,1873-1873,Illinois--Chicago|Illinois,"-87.940,41.644,-87.524,42.023","POLYGON((-87.940 42.023, -87.524 42.023, -87.524 41.644, -87.940 41.644, -87.940 42.023))","41.8335,-87.732",,,,,,,published,Django,,,true,2021-04-27,Mediated deposit,Irregular,template_csv,2021-04-27 13:49:59 -0500,2026-03-29 18:34:33 -0500,,,,,,64bd8c4c-8e60-4956-b43d-bdc3f93db488,,,,,,,,,,Public,,,,,12d-01,https://www.lib.uchicago.edu/collex/collections/social-scientists-map-chicago/,,12d-01,ogm,,template_csv,1,
Harvest record for UMedia: University of Minnesota CSVs,,Harvest record - temporary,,,,,,Series,,,,,,,,,,,,,,,,,,,,,2026-03-15 / harvest,draft,CONTENTdm-RubyOnRails,https://umedia.lib.umn.edu/search.json,JSON API,,2026-03-15,Mediated deposit,Irregular,template_csv,2026-03-28 16:05:03 -0500,2026-04-01 20:43:19 -0500,,,,,,,,,,,,,,,,Public,true,,,,harvest_05d-01_csv,05d-01,,05d-01,ogm,,,No Schedule,,,No Review,UMedia: University of Minnesota,,UMedia provides open access to digitized materials from across the University of Minnesota.,,University of Minnesota,,,University of Minnesota,Websites,Digital repositories,Map collections,,,eng,,,,,,,Minnesota|World,"-180.000,-90.000,180.000,90.000","ENVELOPE(-180,180,90,-90)","0.0,0.0",,,,,,,published,CONTENTdm-RubyOnRails,https://umedia.lib.umn.edu/search.json,JSON API,true,2025-12-31,Automated retrieval,Irregular,py_umedia,2021-04-26 12:02:52 -0500,2026-03-29 15:04:00 -0500,,,,,,64bd8c4c-8e60-4956-b43d-bdc3f93db488,,,,,,,,,,Public,,,,,05d-01,https://umedia.lib.umn.edu/search?facets%5Bcontributing_organization_name_s%5D%5B%5D=University+of+Minnesota+Libraries%2C+John+R.+Borchert+Map+Library.,,05d-01,ogm,,template_csv,1,
"University of Maryland: U.S. Government Information, Maps, & GIS Services",,,,,,,University of Maryland,Series,,Map collections,,Academic institutions maps,,,,,,,,,,,,,,,,,2023-01-01 / harvest,draft,,,,,2023-01-01,Mediated deposit,Irregular,template_json,2021-04-27 13:49:59 -0500,2026-04-01 20:43:24 -0500,2019-11-04,,Website,,,64bd8c4c-8e60-4956-b43d-bdc3f93db488,,,,,,,,,,Public,,,,,04d-02,04d-02,,04d-02,review:2y,,,No Schedule,,2025-01-01,Due,,,,,,,,,,,,,,,,,,,,,,,,,,,,,,,,,,,,,,,,,,,,,,,,,,,,,,,,,,,,,,,,,,,,template_json,0,
Harvest record for standalone websites,,"A grouping of websites that provide geospatial data or services but are not currently indexed for individual dataset records. These resources are monitored periodically to verify availability, detect platform or URL changes, and identify opportunities for future harvesting (e.g., migration to ArcGIS Hub or other harvestable platforms).",,,,,,Series,,,,,,,,,,,,,,,,,,,,,2025-06-01 / edit / child records removed|2025-08-01 / review / review completed,draft,,,,,2025-08-01,Manual curation,Irregular,template_website,2026-03-28 09:53:52 -0500,2026-04-01 21:54:10 -0500,,,,,,,,,,,,,,,,Public,true,,,,harvest_standalone_websites,,,w00_01,review:1y,,,No Schedule,,2026-08-01,Scheduled,,,,,,,,,,,,,,,,,,,,,,,,,,,,,,,,,,,,,,,,,,,,,,,,,,,,,,,,,,,,,,,,,,,,template_website,0,
Harvest record for 16d-01 Oregon Digital Oregon Maps,,"Harvest record.

Used Link Klipper to download all 213 links to desktop as a CSV. The CSV will be used as an Input.",,,,,,Series,,,,,,,,,,,,,,,,,,,,,"2026-03-16 / harvest / 210 maps; IIIF Cors not enabled, awaiting response",draft,Samvera Hyrax,https://oregondigital.org/catalog?f%5Bnon_user_collections_ssim%5D%5B%5D=ormaps,Collection of records,,2026-03-30,Automated retrieval,Irregular,,2026-03-26 14:03:01 -0500,2026-04-01 20:42:31 -0500,2026-03-26,,,,,,,,,,,,,,,Restricted,,,,,harvest_16d-01,,,,review:1y,CORS not set for IIIF yet,,No Schedule,,2027-03-30,Scheduled,,,,,,,,,,,,,,,,,,,,,,,,,,,,,,,,,,,,,,,,,,,,,,,,,,,,,,,,,,,,,,,,,,,,unspecified,0,
