Title,Creator,Publisher,Subject,Spatial Coverage,Bounding Box,Member Of,ID,Identifier,Code
Allegheny County GIS Open Data,,Pennsylvania--Allegheny County,County government records,Pennsylvania--Allegheny County|Pennsylvania,"-80.361,40.194,-79.689,40.675",ba5cc745-21c5-4ae9-954b-72dd8db6815a,08b-42003,https://openac-alcogis.opendata.arcgis.com,08b-42003
Anne Arundel County GIS Data,,Maryland--Anne Arundel County,County government records,Maryland--Anne Arundel County|Maryland,"-76.840,38.713,-76.394,39.237",ba5cc745-21c5-4ae9-954b-72dd8db6815a,04b-24003,https://maps.aacounty.org,04b-24003
"Ashland County, WI GIS Open Data Portal",,Wisconsin--Ashland County,County government records,Wisconsin--Ashland County|Wisconsin,"-90.928,45.980,-89.957,47.310",ba5cc745-21c5-4ae9-954b-72dd8db6815a,10b-55003,https://data-ashlandcountywi.opendata.arcgis.com,10b-55003
Athens County GIS Data,,Ohio--Athens County,County government records,Ohio--Athens County|Ohio,"-82.298,39.181,-81.722,39.557",ba5cc745-21c5-4ae9-954b-72dd8db6815a,11b-39009,https://data-athgis.opendata.arcgis.com,11b-39009
Baltimore County Open Data Portal,,Maryland--Baltimore County,County government records,Maryland--Baltimore County|Maryland,"-76.896,39.195,-76.333,39.721",ba5cc745-21c5-4ae9-954b-72dd8db6815a,04b-24005,https://opendata.baltimorecountymd.gov,04b-24005
Beltrami County Open GIS Data,,Minnesota--Beltrami County,County government records,Minnesota--Beltrami County|Minnesota,"-95.603,47.410,-94.414,48.540",ba5cc745-21c5-4ae9-954b-72dd8db6815a,05b-27007,https://bemidji-beltramicounty.opendata.arcgis.com/,05b-27007
Bend Open Data,,Oregon--Bend,Municipal government records,Oregon--Bend|Oregon,"-122.000,43.610,-119.900,44.390",ba5cc745-21c5-4ae9-954b-72dd8db6815a,17c-04,https://data.bendoregon.gov,17c-04
Benton County Open Data,,Washington (State)--Benton County,County government records,Washington (State)--Benton County|Washington (State),"-119.880,45.840,-118.940,46.730",ba5cc745-21c5-4ae9-954b-72dd8db6815a,16b-55005,https://gisdata-bentonco.hub.arcgis.com,16b-55005
Big Stone County Open Data,,Minnesota--Big Stone County,County government records,Minnesota--Big Stone County|Minnesota,"-96.835,45.177,-96.104,45.586",ba5cc745-21c5-4ae9-954b-72dd8db6815a,05b-27011,https://data-bigstonecounty.opendata.arcgis.com,05b-27011
"CAGIS Open Data Hub for Cincinnati Area, Ohio",,Ohio--Cincinnati,Municipal government records,Ohio--Cincinnati|Ohio,"-84.820,39.022,-84.257,39.312",ba5cc745-21c5-4ae9-954b-72dd8db6815a,11c-01-3,https://data-cagisportal.opendata.arcgis.com/,11c-01-01
Calumet County GIS Download,,Wisconsin--Calumet County,County government records,Wisconsin--Calumet County|Wisconsin,"-88.405,43.892,-88.042,44.244",ba5cc745-21c5-4ae9-954b-72dd8db6815a,10b-55015,https://gis-calumet.hub.arcgis.com,10b-55015
Calvert County Open GIS Data Portal,,Maryland--Calvert County,County government records,Maryland--Calvert County|Maryland,"-76.702,38.322,-76.382,38.769",ba5cc745-21c5-4ae9-954b-72dd8db6815a,04b-24009,https://calvert-county-open-data-calvertgis.hub.arcgis.com,04b-24009
Capital Area Open Data Portal,The Capital Area Regional Planning Commission,Wisconsin--Dane County,Intergovernment records,Wisconsin--Dane County|Wisconsin,"-89.567,42.998,-89.246,43.172",ba5cc745-21c5-4ae9-954b-72dd8db6815a,10b-55025-01,https://data-carpc.opendata.arcgis.com,10b-55025
Carlton County Open Data,,Minnesota--Carlton County,County government records,Minnesota--Carlton County|Minnesota,"-93.065,46.417,-92.292,46.769",ba5cc745-21c5-4ae9-954b-72dd8db6815a,05b-27017,https://data-carltoncounty.opendata.arcgis.com,05b-27017
Carroll County GIS Open Data,,Maryland--Carroll County,County government records,Maryland--Carroll County|Maryland,"-77.312,39.348,-76.787,39.721",ba5cc745-21c5-4ae9-954b-72dd8db6815a,04b-24013,https://data-carrollco-md.opendata.arcgis.com,04b-24013
Carver County GIS Data,,Minnesota--Carver County,County government records,Minnesota--Carver County|Minnesota,"-94.013,44.635,-93.520,44.979",ba5cc745-21c5-4ae9-954b-72dd8db6815a,05b-27019,http://data-carver.opendata.arcgis.com,05b-27019
Center for Rural Pennsylvania Data Hub,Center for Rural Pennsylvania,Pennsylvania,Intergovernment records,Pennsylvania,"-80.521,39.720,-74.690,42.515",ba5cc745-21c5-4ae9-954b-72dd8db6815a,8856ec9a-47ac-4c79-bfba-643e97c0b62d,https://center-for-rural-pennsylvania-data-hub-ruralpa.hub.arcgis.com,8856ec9a-47ac-4c79-bfba-643e97c0b62d
Centre County Open Data,,Pennsylvania--Centre County,County government records,Pennsylvania--Centre County|Pennsylvania,"-78.377,40.692,-77.144,41.253",ba5cc745-21c5-4ae9-954b-72dd8db6815a,08b-42027,http://gisdata-centrecountygov.opendata.arcgis.com,08b-42027
Chester County GIS Data,,Pennsylvania--Chester County,County government records,Pennsylvania--Chester County|Pennsylvania,"-76.137,39.721,-75.361,40.245",ba5cc745-21c5-4ae9-954b-72dd8db6815a,08b-42029,https://chester-county-s-gis-hub-chesco.hub.arcgis.com,08b-42029
Chippewa County Open GIS Data,,Minnesota--Chippewa County,County government records,Minnesota--Chippewa County|Minnesota,"-96.037,44.751,-95.246,45.153",ba5cc745-21c5-4ae9-954b-72dd8db6815a,05b-27023,https://data-chippewa.opendata.arcgis.com,05b-27023
City of Bellevue Open Data,,Washington (State)--Bellevue,Municipal government records,Washington (State)--Bellevue|Washington (State),"-122.220,47.570,-122.100,47.650",ba5cc745-21c5-4ae9-954b-72dd8db6815a,16c-04,https://data.bellevuewa.gov,16c-04
City of Champaign GIS,,Illinois--Champaign-Urbana,Municipal government records,Illinois--Champaign-Urbana|Illinois,"-88.320,40.050,-88.150,40.160",ba5cc745-21c5-4ae9-954b-72dd8db6815a,02c-02,https://gis-cityofchampaign.opendata.arcgis.com,02c-02
City of Cleveland Open Data,,Ohio--Cleveland,Municipal government records,Ohio--Cleveland|Ohio,"-81.790,41.420,-81.570,41.550",ba5cc745-21c5-4ae9-954b-72dd8db6815a,11c-03,https://data.clevelandohio.gov,11c-03
City of Corvallis GIS Data,,Oregon--Corvallis,Municipal government records,Oregon-Corvallis|Oregon,"-123.315,44.530,-123.205,44.620",ba5cc745-21c5-4ae9-954b-72dd8db6815a,17c-05,https://gis-corvallisoregon.opendata.arcgis.com/,17c-05
City of Duluth GeoHub,,Minnesota--Duluth,Municipal government records,Minnesota--Duluth|Minnesota,"-92.240,46.710,-92.030,46.830",ba5cc745-21c5-4ae9-954b-72dd8db6815a,05c-03,https://geohub-duluthmn.hub.arcgis.com,05c-03
City of Eugene Mapping Hub,,Oregon--Eugene,Municipal government records,Oregon--Eugene|Oregon,"-124.230,43.440,-121.770,44.290",ba5cc745-21c5-4ae9-954b-72dd8db6815a,17c-02,https://mapping.eugene-or.gov,17c-02
City of Grand Island Public GIS Data Portal,,Nebraska--Grand Island,Municipal government records,Nebraska--Grand Island|Nebraska,"-98.431,40.855,-98.288,40.989",ba5cc745-21c5-4ae9-954b-72dd8db6815a,13c-02,https://data-cityofgi.opendata.arcgis.com,13c-02
"City of Madison, WI GIS Open Data Portal",,Wisconsin--Madison,Municipal government records,Wisconsin--Madison|Wisconsin,"-89.567,42.998,-89.246,43.172",ba5cc745-21c5-4ae9-954b-72dd8db6815a,10c-03,https://data-cityofmadison.opendata.arcgis.com,10c-03
City of Newark GIN,,New Jersey--Newark,Municipal government records,New Jersey--Newark|New Jersey,"-74.230,40.670,-74.120,40.770",ba5cc745-21c5-4ae9-954b-72dd8db6815a,14c-01,https://data-newgin.opendata.arcgis.com,14c-01
City of Saint Paul GIS Data,,Minnesota--Saint Paul,Municipal government records,Minnesota--Saint Paul|Minnesota,"-93.208,44.887,-93.004,44.992",ba5cc745-21c5-4ae9-954b-72dd8db6815a,05c-02,https://information.stpaul.gov,05c-02
City of Vancouver Open Data Hub,,Washington (State)--Vancouver,Municipal government records,Washington (State)--Vancouver|Washington (State),"-122.750,45.570,-122.450,45.750",ba5cc745-21c5-4ae9-954b-72dd8db6815a,16c-05,https://city-of-vancouver-wa-geo-hub-cityofvancouver.hub.arcgis.com,16c-05
Clallam County GIS Portal,,Washington (State)--Clallam County,County government records,Washington (State)--Clallam County|Washington (State),"-124.850,47.870,-122.900,48.500",ba5cc745-21c5-4ae9-954b-72dd8db6815a,16b-53009,https://clallam-county-portal-clallam.hub.arcgis.com,16b-53009
Clark County Open Data,,Washington (State)--Clark County,County government records,Washington (State)--Clark County|Washington (State),"-122.800,45.540,-122.240,46.060",ba5cc745-21c5-4ae9-954b-72dd8db6815a,16b-53011,https://hub-clarkcountywa.opendata.arcgis.com,16b-53011
Clay County Open Data,,Minnesota--Clay County,County government records,Minnesota--Clay County|Minnesota,"-96.840,46.629,-96.172,47.151",ba5cc745-21c5-4ae9-954b-72dd8db6815a,05b-27027,https://data-claycountymn.opendata.arcgis.com,05b-27027
"Clinton County, Ohio, Geographic Information Systems",,Ohio--Clinton County,County government records,Ohio--Clinton County|Ohio,"-84.007,39.223,-83.576,39.569",ba5cc745-21c5-4ae9-954b-72dd8db6815a,11b-39027,https://clinton-county-ohio-clintoncountygis.hub.arcgis.com/,11b-39027
CMAP (Chicago Metropolitan Agency for Planning) Data Hub,,CMAP (Chicago Metropolitan Agency for Planning) Data Hub,Municipal government records,Illinois--Chicago|Illinois,"-87.940,41.644,-87.524,42.023",ba5cc745-21c5-4ae9-954b-72dd8db6815a,12f-01,https://datahub.cmap.illinois.gov,12f-01
Columbus GIS,,Ohio--Columbus,Municipal government records,Ohio--Columbus|Ohio,"-83.150,39.900,-82.850,40.080",ba5cc745-21c5-4ae9-954b-72dd8db6815a,11c-02,https://opendata.columbus.gov,11c-02
Cook Central,,Illinois--Cook County,County government records,Illinois--Cook County|Illinois,"-88.263,41.470,-87.523,42.154",ba5cc745-21c5-4ae9-954b-72dd8db6815a,12b-17031,https://hub-cookcountyil.opendata.arcgis.com,12b-17031
Cook County Open GIS Data,,Minnesota--Cook County,County government records,Minnesota--Cook County|Minnesota,"-91.032,47.485,-89.582,48.246",ba5cc745-21c5-4ae9-954b-72dd8db6815a,05b-27031,https://open-data-portal-cookcountymn.hub.arcgis.com/,05b-27031
Crawford County Open Data,,Pennsylvania--Crawford County,County government records,Pennsylvania--Crawford County|Pennsylvania,"-80.519,41.480,-79.612,41.852",ba5cc745-21c5-4ae9-954b-72dd8db6815a,08b-42039,https://share-open-data-crawfordcountypa.opendata.arcgis.com,08b-42039
Crow Wing County GIS Hub,,Minnesota--Crow Wing County,County government records,Minnesota--Crow Wing County|Minnesota,"-94.396,46.156,-93.776,46.806",ba5cc745-21c5-4ae9-954b-72dd8db6815a,05b-27035,https://hub-cwccm.hub.arcgis.com/,05b-27035
Cuyahoga County Open Data,,Ohio--Cuyahoga County,County government records,Ohio--Cuyahoga County|Ohio,"-81.971,41.275,-81.375,41.640",ba5cc745-21c5-4ae9-954b-72dd8db6815a,11b-39035,https://data-cuyahoga.opendata.arcgis.com,11b-39035
Data Salem,,Oregon--Salem,Municipal government records,Oregon--Salem|Oregon,"-123.180,44.680,-121.730,45.290",ba5cc745-21c5-4ae9-954b-72dd8db6815a,17c-03,https://data.cityofsalem.net,17c-03
Dauphin County GIS Data Portal,,Pennsylvania--Dauphin County,County government records,Pennsylvania--Dauphin County|Pennsylvania,"-77.029,40.120,-76.535,40.660",ba5cc745-21c5-4ae9-954b-72dd8db6815a,08b-42043,https://data-dauphinco.opendata.arcgis.com,08b-42043
Delaware County GIS,,Ohio--Delaware County,County government records,Ohio--Delaware County|Ohio,"-83.250,40.126,-82.745,40.444",ba5cc745-21c5-4ae9-954b-72dd8db6815a,11b-39041,https://gisdata-delco.hub.arcgis.com,11b-39041
Delaware Valley Regional Planning Commission (DVRPC),Delaware Valley Regional Planning Commission,Pennsylvania,Intergovernment records,Pennsylvania,"-77.137,38.830,-73.971,41.094",ba5cc745-21c5-4ae9-954b-72dd8db6815a,04f-01,https://dvrpc-dvrpcgis.opendata.arcgis.com,04f-01
Detroit Open Data,,Michigan--Detroit,Municipal government records,Michigan--Detroit|Michigan,"-83.288,42.255,-82.910,42.450",ba5cc745-21c5-4ae9-954b-72dd8db6815a,07c-01,https://data.detroitmi.gov,07c-01
"Discover Dane County, WI",,Wisconsin--Dane County,County government records,Wisconsin--Dane County|Wisconsin,"-89.567,42.998,-89.246,43.172",ba5cc745-21c5-4ae9-954b-72dd8db6815a,10b-55025,https://gis-countyofdane.opendata.arcgis.com,10b-55025
Douglas County Mapping and Data Portal,,Washington (State)--Douglas County,County government records,Washington (State)--Douglas County|Washington (State),"-120.320,47.220,-118.950,48.150",ba5cc745-21c5-4ae9-954b-72dd8db6815a,16b-53017,https://explore-douglas-county-data-douglaswa.hub.arcgis.com,16b-53017
Douglas County Open Data Portal,,Minnesota--Douglas County,County government records,Minnesota--Douglas County|Minnesota,"-95.770,45.759,-95.139,46.108",ba5cc745-21c5-4ae9-954b-72dd8db6815a,05b-27041,https://data-dcpw.opendata.arcgis.com/,05b-27041
DuPage County GIS,,Illinois--DuPage County,County government records,Illinois--DuPage County|Illinois,"-88.263,41.685,-87.914,41.994",ba5cc745-21c5-4ae9-954b-72dd8db6815a,12b-17043,https://gisdata-dupage.opendata.arcgis.com,12b-17043
Eau Claire County Geospatial Hub,,Wisconsin--Eau Claire County,County government records,Wisconsin--Eau Claire County|Wisconsin,"-91.595,44.756,-91.368,44.879",ba5cc745-21c5-4ae9-954b-72dd8db6815a,10b-55035-01,https://hub-eccounty.hub.arcgis.com,10b-55035
"Evanston, Illinois Open Data Hub",,Illinois--Evanston,Municipal government records,Illinois--Evanston|Illinois,"-87.730,42.020,-87.670,42.070",ba5cc745-21c5-4ae9-954b-72dd8db6815a,02c-01,https://data.cityofevanston.org,02c-01
"Evansville, Vanderburgh County, Indiana Open Data Collection",,Indiana--Evansville,Municipal government records|County government records,Indiana--Evansville|Indiana-Vanderburgh County|Indiana,"-87.701,37.826,-87.449,38.168",ba5cc745-21c5-4ae9-954b-72dd8db6815a,01b-18163,https://dev-evansvilleapc.opendata.arcgis.com,01b-18163
"Franklin County Auditor, Ohio Open Data",,Ohio--Franklin County,County government records,Ohio--Franklin County|Ohio,"-83.261,39.795,-82.762,40.143",ba5cc745-21c5-4ae9-954b-72dd8db6815a,11b-39049,https://auditor-fca.opendata.arcgis.com,11b-39049
Frederick County Open Data,,Maryland--Frederick County,County government records,Maryland--Frederick County|Maryland,"-77.677,39.220,-77.107,39.720",ba5cc745-21c5-4ae9-954b-72dd8db6815a,04b-24021,https://gis-fcgmd.opendata.arcgis.com,04b-24021
"Geodata Hub of Vilas County, WI",,Wisconsin--Vilas County,County government records,Wisconsin--Vilas County|Wisconsin,"-89.152,46.119,-89.063,46.163",ba5cc745-21c5-4ae9-954b-72dd8db6815a,10b-55125-01,https://data-vilas.opendata.arcgis.com,10b-55125
"GIS Data Downloads for Madison County, Ohio",,Ohio--Madison County,County government records,Ohio--Madison County|Ohio,"-83.653,39.695,-83.206,40.111",ba5cc745-21c5-4ae9-954b-72dd8db6815a,11b-39097,https://madison-county-gis-data-download-madcoengineer.hub.arcgis.com/,11b-39097
"GIS Data Downloads for Muskingum County, Ohio",,Ohio--Muskingum County,County government records,Ohio--Muskingum County|Ohio,"-82.234,39.756,-81.691,40.167",ba5cc745-21c5-4ae9-954b-72dd8db6815a,11b-39119,https://muskingum-county-gis-muskcogis.hub.arcgis.com/,11b-39119
"GIS Divison of Eau Claire County, WI",,Wisconsin--Eau Claire County,County government records,Wisconsin--Eau Claire County|Wisconsin,"-91.595,44.756,-91.368,44.879",ba5cc745-21c5-4ae9-954b-72dd8db6815a,10b-55035,https://hub-eccounty.hub.arcgis.com/,10b-55035
"Grand Rapids, Michigan Open Data",,Michigan--Grand Rapids,Municipal government records,Michigan--Grand Rapids|Michigan,"-85.752,42.884,-85.569,43.029",ba5cc745-21c5-4ae9-954b-72dd8db6815a,07c-03,https://grdata-grandrapids.opendata.arcgis.com,07c-03
Grant County Open Data Hub,,Minnesota--Grant County,County government records,Minnesota--Grant County|Minnesota,"-96.266,45.759,-95.758,46.109",ba5cc745-21c5-4ae9-954b-72dd8db6815a,05b-27051,https://hub-co-grant-mn-us.hub.arcgis.com,05b-27051
Grant County Open Data Portal,,Washington (State)--Grant County,County government records,Washington (State)--Grant County|Washington (State),"-120.040,46.630,-118.970,47.960",ba5cc745-21c5-4ae9-954b-72dd8db6815a,16b-53025,https://data-grantcountywa.opendata.arcgis.com,16b-53025
Greene County GIS Hub,,Ohio--Greene County,County government records,Ohio--Greene County|Ohio,"-84.114,39.550,-83.647,39.850",ba5cc745-21c5-4ae9-954b-72dd8db6815a,11b-39057,https://gishub-gimsoh29.opendata.arcgis.com/,11b-39057
"Hamilton County, Indiana Open Data Collection",,Indiana--Hamilton County,County government records,Indiana--Hamilton County|Indiana,"-86.243,39.926,-85.862,40.219",ba5cc745-21c5-4ae9-954b-72dd8db6815a,01b-18057,https://geohub.hamiltoncounty.in.gov,01b-18057
Harford County Planning and Zoning Open GIS,,Maryland--Harford County,County government records,Maryland--Harford County|Maryland,"-76.569,39.311,-76.065,39.721",ba5cc745-21c5-4ae9-954b-72dd8db6815a,04b-24025,https://harford-county-gis-hub-harfordgis.hub.arcgis.com,04b-24025
Hennepin County GIS Data,,Minnesota--Hennepin County,County government records,Minnesota--Hennepin County|Minnesota,"-93.768,44.785,-93.177,45.247",ba5cc745-21c5-4ae9-954b-72dd8db6815a,05b-27053,https://gis-hennepin.hub.arcgis.com,05b-27053
Holmes County GIS Open Data Portal,,Ohio--Holmes County,County government records,Ohio--Holmes County|Ohio,"-82.221,40.444,-81.649,40.668",ba5cc745-21c5-4ae9-954b-72dd8db6815a,11b-39075,https://holmes-county-gis-holmesgis.hub.arcgis.com/,11b-39075
Hubbard County Open Geospatial Data,,Minnesota--Hubbard County,County government records,Minnesota--Hubbard County|Minnesota,"-95.183,46.804,-94.658,47.413",ba5cc745-21c5-4ae9-954b-72dd8db6815a,05b-27057,https://maps-hubbardcounty.opendata.arcgis.com,05b-27057
HUD-eGIS Geospatial Data Storefront,U.S. Department of Housing and Urban Development,United States,Federal government records,United States,"-179.149,18.910,179.778,71.365",ba5cc745-21c5-4ae9-954b-72dd8db6815a,1000-0001,https://hudgis-hud.opendata.arcgis.com,1000-0001
Illinois DOT Open Data Portal,,Illinois Department of Transportation,State government records,Illinois,"-91.513,36.970,-87.495,42.508",ba5cc745-21c5-4ae9-954b-72dd8db6815a,02a-04,https://gis-idot.opendata.arcgis.com,02a-04
IndianaMap,,Indiana,State government records,Indiana,"-88.100,37.772,-84.785,41.761",ba5cc745-21c5-4ae9-954b-72dd8db6815a,09a-04,https://www.indianamap.org,09a-04
Iowa Geodata,,Iowa,State government records,Iowa,"-96.640,40.376,-90.140,43.501",ba5cc745-21c5-4ae9-954b-72dd8db6815a,03a-03,https://geodata.iowa.gov,03a-03
IowaDOT Open Data,Iowa Department of Transportation,Iowa,State government records,Iowa,"-96.639,40.375,-90.140,43.501",ba5cc745-21c5-4ae9-954b-72dd8db6815a,03a-02,https://public-iowadot.opendata.arcgis.com,03a-02
Isanti County Geospatial Hub,,Minnesota--Isanti County,County government records,Minnesota--Isanti County|Minnesota,"-93.514,45.412,-93.020,45.734",ba5cc745-21c5-4ae9-954b-72dd8db6815a,05b-27059,https://opendata-isanticounty.hub.arcgis.com/,05b-27059
Island County Open Data Portal,,Washington (State)--Island County,County government records,Washington (State)--Island County|Washington (State),"-122.860,47.830,-122.330,48.420",ba5cc745-21c5-4ae9-954b-72dd8db6815a,16b-53029,https://data-islandcountygis.opendata.arcgis.com,16b-53029
Jefferson County Washington Open Data Site,,Washington (State)--Jefferson County,County government records,Washington (State)--Jefferson County|Washington (State),"-124.720,47.520,-122.600,48.370",ba5cc745-21c5-4ae9-954b-72dd8db6815a,16b-53031,https://gisdata-jeffcowa.opendata.arcgis.com,16b-53031
Kankakee County GIS,,Illinois--Kankakee County,County government records,Illinois--Kankakee County|Illinois,"-88.252,40.995,-87.526,41.298",ba5cc745-21c5-4ae9-954b-72dd8db6815a,02b-17091,https://hub.k3gis.com,02b-17091
"Kenosha County, WI GIS Open Data Portal",,Wisconsin--Kenosha County,County government records,Wisconsin--Kenosha County|Wisconsin,"-87.997,42.539,-87.807,42.639",ba5cc745-21c5-4ae9-954b-72dd8db6815a,10b-55059,https://dataportal.kenoshacounty.org,10b-55059
King County GIS Open Data,,Washington (State)--King County,County government records,Washington (State)--King County|Washington (State),"-122.540,47.080,-121.070,47.780",ba5cc745-21c5-4ae9-954b-72dd8db6815a,16b-53033,https://gis-kingcounty.opendata.arcgis.com,16b-53033
Kittitas County Open Data Portal,,Washington (State)--Kittitas County,County government records,Washington (State)--Kittitas County|Washington (State),"-121.470,46.740,-119.930,47.600",ba5cc745-21c5-4ae9-954b-72dd8db6815a,16b-53037,https://data-kitcogis.opendata.arcgis.com,16b-53037
Lake County GIS Hub,,Ohio--Lake County,County government records,Ohio--Lake County|Ohio,"-81.489,41.570,-81.002,41.849",ba5cc745-21c5-4ae9-954b-72dd8db6815a,11b-39085,https://gis-lakeohgis.opendata.arcgis.com/,11b-39085
Lake County Illinois Open Data Portal,,Illinois--Lake County,County government records,Illinois--Lake County|Illinois,"-88.200,42.152,-87.761,42.496",ba5cc745-21c5-4ae9-954b-72dd8db6815a,12b-17097,https://data-lakecountyil.opendata.arcgis.com,12b-17097
"Land Records Data Portal of Columbia County, WI",,Wisconsin--Columbia County,County government records,Wisconsin--Columbia County|Wisconsin,"-89.819,43.603,-89.739,43.671",ba5cc745-21c5-4ae9-954b-72dd8db6815a,10b-55021,https://opendata-cclid.opendata.arcgis.com,10b-55021
Lincoln Open Data and Performance Management,,Nebraska--Lincoln,Municipal government records,Nebraska--Lincoln|Nebraska,"-96.804,40.694,-96.577,40.900",ba5cc745-21c5-4ae9-954b-72dd8db6815a,13c-01,https://data2-lincolnne.opendata.arcgis.com,13c-01
"Linn County, Iowa Open Data Portal",,Iowa--Linn County,County government records,Iowa--Linn County|Iowa,"-91.835,41.860,-91.363,42.299",ba5cc745-21c5-4ae9-954b-72dd8db6815a,03b-19113,http://opendata-linncounty-gis.opendata.arcgis.com,03b-19113
Logan County GIS Data,,Ohio--Logan County,County government records,Ohio--Logan County|Ohio,"-84.015,40.229,-83.520,40.539",ba5cc745-21c5-4ae9-954b-72dd8db6815a,11b-39091,https://logan-county-gis-data-loganco.hub.arcgis.com/,11b-39091
Lorain County GIS Data,,Ohio--Lorain County,County government records,Ohio--Lorain County|Ohio,"-82.348,41.064,-81.877,41.512",ba5cc745-21c5-4ae9-954b-72dd8db6815a,11b-39093,https://data-loraingis.opendata.arcgis.com,11b-39093
"Lyon County, MN Mapping Hub",,Minnesota--Lyon County,County government records,Minnesota--Lyon County|Minnesota,"-96.093,44.196,-95.592,44.630",ba5cc745-21c5-4ae9-954b-72dd8db6815a,05b-27083,https://maps-lyonmn.hub.arcgis.com,05b-27083
MapFlint Data Download,,University of Michigan-Flint,Municipal government records,Michigan--Flint|Michigan,"-83.772,42.946,-83.621,43.079",ba5cc745-21c5-4ae9-954b-72dd8db6815a,07c-04,https://mapflint-umich.opendata.arcgis.com,07c-04
Maryland iMap,,Maryland,State government records,Maryland,"-79.487,37.887,-74.985,39.723",ba5cc745-21c5-4ae9-954b-72dd8db6815a,04a-01,http://data.imap.maryland.gov,04a-01
McLean County GIS,,Illinois--McLean County,County government records,Illinois--McLean County|Illinois,"-89.269,40.281,-88.458,40.756",ba5cc745-21c5-4ae9-954b-72dd8db6815a,12b-17113-2,https://mcleancounty-mcggis.hub.arcgis.com/,12b-17113-2
McLean County GIS Consortium Open Data,,Illinois--McLean County GIS Consortium,County government records,Illinois--McLean County|Illinois,"-89.269,40.281,-88.459,40.758",ba5cc745-21c5-4ae9-954b-72dd8db6815a,02b-17113,http://www.mcgis.org,02b-17113
Michigan DNR Open Data Portal,Michigan DNR,Michigan,State government records,Michigan,"-90.420,41.700,-82.120,48.310",ba5cc745-21c5-4ae9-954b-72dd8db6815a,06a-02,https://gis-midnr.opendata.arcgis.com,06a-02
Milwaukee County GIS Download,,Wisconsin--Milwaukee County,County government records,Wisconsin--Milwaukee County|Wisconsin,"-88.070,42.842,-87.814,43.193",ba5cc745-21c5-4ae9-954b-72dd8db6815a,10b-55079,https://data-mclio.hub.arcgis.com,10b-55079
Montgomery County GIS Open Data,,Maryland--Montgomery County,County government records,Maryland--Montgomery County|Maryland,"-77.528,38.934,-76.888,39.353",ba5cc745-21c5-4ae9-954b-72dd8db6815a,04b-24031,https://opendata-mcgov-gis.hub.arcgis.com,04b-24031
Montgomery County Open Data,,Pennsylvania--Montgomery County,County government records,Pennsylvania--Montgomery County|Pennsylvania,"-75.697,39.977,-75.015,40.447",ba5cc745-21c5-4ae9-954b-72dd8db6815a,08b-42091,https://data-montcopa.opendata.arcgis.com,08b-42091
Mower County Geospatial Hub,,"Mower County, Minnesota",County government records,Minnesota--Mower County|Minnesota,"-93.050,43.500,-92.449,43.849",ba5cc745-21c5-4ae9-954b-72dd8db6815a,05b-27099,https://geospatial-hub-mowercountymn.hub.arcgis.com/pages/open-data,05b-27099
NAIP GeoHub,,United States Department of Agriculture,Federal government records,United States,,b0153110-e455-4ced-9114-9b13250a7093,99-1800,https://naip-usdaonline.hub.arcgis.com/,99-1800
Nebraska Game & Parks Map and Data Portal,,Nebraska,State government records,Nebraska,"-104.100,40.000,-95.300,43.000",ba5cc745-21c5-4ae9-954b-72dd8db6815a,13a-04,https://data-outdoornebraska.opendata.arcgis.com,13a-04
NebraskaMap,,Nebraska,State government records,Nebraska,"-104.053,40.000,-95.308,43.001",ba5cc745-21c5-4ae9-954b-72dd8db6815a,13a-01,https://www.nebraskamap.gov,13a-01
New Jersey Department of Environmental Protection's (NJDEP) Bureau of GIS,New Jersey Department of Environmental Protection's Bureau of GIS,New Jersey,State government records,New Jersey,"-75.563,38.791,-73.894,41.357",ba5cc745-21c5-4ae9-954b-72dd8db6815a,14a-02,https://gisdata-njdep.opendata.arcgis.com,14a-02
New Jersey Geographic Information Network (NJGIN) Open Data Portal,New Jersey Office of GIS,New Jersey,State government records,New Jersey,"-75.563,38.791,-73.894,41.357",ba5cc745-21c5-4ae9-954b-72dd8db6815a,14a-01,https://njogis-newjersey.opendata.arcgis.com,14a-01
North Central PA Hub,"North Central, PA Regional Planning and Development Commission",Pennsylvania--North Central,Regional government records,Pennsylvania,"-80.521,39.720,-74.690,42.515",ba5cc745-21c5-4ae9-954b-72dd8db6815a,08f-03,https://regional-planning-northcentral.hub.arcgis.com,08f-03
"Oakland County, MI Open data",,Michigan--Oakland County,County government records,Michigan--Oakland County|Michigan,"-83.689,42.431,-83.083,42.889",ba5cc745-21c5-4ae9-954b-72dd8db6815a,06b-26125,http://accessoakland.oakgov.com,06b-26125
Omaha/Douglas County GIS Open Data Portal,,Nebraska--Omaha,County government records,Nebraska--Omaha|Nebraska--Douglas County|Nebraska,"-96.473,41.190,-95.871,41.394",ba5cc745-21c5-4ae9-954b-72dd8db6815a,13b-31055,https://data-dogis.opendata.arcgis.com,13b-31055
Open Baltimore,,Maryland--Baltimore,Municipal government records,Maryland--Baltimore|Maryland,"-76.720,39.200,-76.530,39.380",ba5cc745-21c5-4ae9-954b-72dd8db6815a,04c-02,https://data.baltimorecity.gov,04c-02
Open Data DC,,District of Columbia--Washington,Municipal government records,District of Columbia--Washington|District of Columbia,"-77.120,38.792,-76.909,38.996",ba5cc745-21c5-4ae9-954b-72dd8db6815a,04c-01,https://opendata.dc.gov,04c-01
Open Data Kitsap County GIS,,Washington (State)--Kitsap County,County government records,Washington (State)--Kitsap County|Washington (State),"-123.040,47.400,-122.430,47.970",ba5cc745-21c5-4ae9-954b-72dd8db6815a,16b-53035,https://kitsap-od-kitcowa.hub.arcgis.com,16b-53035
Open Data Minneapolis,,Minnesota--Minneapolis,Municipal government records,Minnesota--Minneapolis|Minnesota,"-93.329,44.890,-93.194,45.051",ba5cc745-21c5-4ae9-954b-72dd8db6815a,05c-01,https://opendata.minneapolismn.gov,05c-01
OpenIndy Data Portal,,"City of Indianapolis and Marion County, Indiana",Municipal government records,Indiana--Indianapolis|Indiana--Marion County|Indiana,"-86.328,39.632,-85.938,39.928",ba5cc745-21c5-4ae9-954b-72dd8db6815a,01c-02,http://data.indy.gov,01c-02
Opioid Awareness|Peoria City/County Health Department,Peoria City/County Health Department,Illinois--Peoria County,County government records,Illinois--Peoria County|Illinois,"-89.989,40.514,-89.447,40.975",ba5cc745-21c5-4ae9-954b-72dd8db6815a,12c-02,https://opioid-awareness-peoriacountygis.hub.arcgis.com,12c-02
Oregon GEOHub,State of Oregon,Oregon,State government records,Oregon,"-124.570,41.990,-116.460,46.290",ba5cc745-21c5-4ae9-954b-72dd8db6815a,17a-01,https://geohub.oregon.gov,17a-01
Otter Tail County Maps and Data Hub,,Minnesota--Otter Tail County,County government records,Minnesota--Otter Tail County|Minnesota,"-96.281,46.106,-95.146,46.718",ba5cc745-21c5-4ae9-954b-72dd8db6815a,05b-27111,https://opendata-otcgis.hub.arcgis.com/,05b-27111
Outgamie County Open Data,,Wisconsin--Outagamie County,County government records,Wisconsin--Outagamie County|Wisconsin,"-90.045,45.464,-89.046,45.901",ba5cc745-21c5-4ae9-954b-72dd8db6815a,10b-55087,https://data-ocgis.opendata.arcgis.com,10b-55087
Pennsylvania Department of Conservation and Natural Resources Open Data Portal,Pennsylvania Department of Conservation and Natural Resources,Pennsylvania,State government records,Pennsylvania,"-80.521,39.720,-74.690,42.515",ba5cc745-21c5-4ae9-954b-72dd8db6815a,08a-02,https://newdata-dcnr.opendata.arcgis.com,08a-02
Pennsylvania Department of Environmental Protection,Pennsylvania Department of Environmental Protection,Pennsylvania,Environmental records,Pennsylvania,"-80.626,39.720,-74.690,42.332",ba5cc745-21c5-4ae9-954b-72dd8db6815a,08a-03,https://newdata-padep-1.opendata.arcgis.com,08a-03
Peoria County GIS Open Data Portal,,Illinois--Peoria County,County government records,Illinois--Peoria County|Illinois,"-89.989,40.513,-89.448,40.975",ba5cc745-21c5-4ae9-954b-72dd8db6815a,12b-17143,https://data-peoriacountygis.opendata.arcgis.com,12b-17143
PHLmaps,"City of Philadelphia, Pennsylvania",Pennsylvania--Philadelphia,Municipal government records,Pennsylvania--Philadelphia|Pennsylvania,"-75.280,39.867,-74.956,40.138",ba5cc745-21c5-4ae9-954b-72dd8db6815a,08c-01-2,http://data-phl.opendata.arcgis.com,08c-01-2
Pickaway County GIS Open Data,,Ohio--Pickaway County,County government records,Ohio--Pickaway County|Ohio,"-83.267,39.468,-82.732,39.812",ba5cc745-21c5-4ae9-954b-72dd8db6815a,11b-39129,https://pickawayopendata-pickaway-gis.opendata.arcgis.com/,11b-39129
Pierce County GIS Open Data Portal,,Wisconsin--Pierce County,County government records,Wisconsin--Pierce County|Wisconsin,"-92.650,44.830,-92.580,44.902",ba5cc745-21c5-4ae9-954b-72dd8db6815a,10b-55093,https://data-piercecounty-wi.hub.arcgis.com,10b-55093
Pierce County Open GeoSpatial Data Portal,,Washington (State)--Pierce County,County government records,Washington (State)--Pierce County|Washington (State),"-122.850,46.730,-121.370,47.400",ba5cc745-21c5-4ae9-954b-72dd8db6815a,16b-53053,https://gisdata-piercecowa.opendata.arcgis.com,16b-53053
Pipestone County Land Records Hub,,Minnesota--Pipestone County,County government records,Minnesota--Pipestone County|Minnesota,"-96.453,43.849,-96.064,44.197",ba5cc745-21c5-4ae9-954b-72dd8db6815a,05b-27117,https://landrecords-pipestone.hub.arcgis.com,05b-27117
Pittsburgh Open Data,,Pennsylvania--Pittsburgh,Municipal government records,Pennsylvania--Pittsburgh|Pennsylvania,"-80.100,40.350,-79.840,40.500",ba5cc745-21c5-4ae9-954b-72dd8db6815a,08c-02,https://pghgishub-pittsburghpa.opendata.arcgis.com,08c-02
Polk County GIS Open Data,,Minnesota--Polk County,County government records,Minnesota--Polk County|Minnesota,"-97.148,47.499,-95.553,48.174",ba5cc745-21c5-4ae9-954b-72dd8db6815a,05b-27119,https://hub-pcg.hub.arcgis.com,05b-27119
Pope County Open Data,,Minnesota--Pope County,County government records,Minnesota--Pope County|Minnesota,"-95.759,45.412,-95.131,45.760",ba5cc745-21c5-4ae9-954b-72dd8db6815a,05b-27121,https://hub-popecounty.hub.arcgis.com,05b-27121
PortlandMaps Open Data,,Oregon--Portland,Municipal government records,Oregon--Portland|Oregon,"-122.800,45.430,-122.470,45.650",ba5cc745-21c5-4ae9-954b-72dd8db6815a,17c-06,https://gis-pdx.opendata.arcgis.com,17c-06
Pottawattamie County Open Data,,Iowa--Pottawattamie County,County government records,Iowa--Pottawattamie County|Iowa,"-96.020,41.159,-95.155,41.507",ba5cc745-21c5-4ae9-954b-72dd8db6815a,03b-19155,https://open-data-pottcounty.hub.arcgis.com/,03b-19155
Puget Sound Regional Council Data Portal,,Washington (State)--Puget Sound Region,Regional government records,Washington (State)--Puget Sound Region|Washington (State),"-123.200,46.800,-121.300,48.300",ba5cc745-21c5-4ae9-954b-72dd8db6815a,16f-01,https://psrc-psregcncl.hub.arcgis.com,16f-01
Putnam County GIS Data,,Ohio--Putnam County,County government records,Ohio--Putnam County|Ohio,"-84.399,40.859,-83.880,41.168",ba5cc745-21c5-4ae9-954b-72dd8db6815a,11b-39137,https://home.putnamcountygis.com/,11b-39137
Racine County GIS Download,,Wisconsin--Racine County,County government records,Wisconsin--Racine County|Wisconsin,"-88.308,42.611,-87.770,42.844",ba5cc745-21c5-4ae9-954b-72dd8db6815a,10b-55101,http://data.racinecounty.opendata.arcgis.com,10b-55101
Ramsey County Open Data,,Minnesota--Ramsey County,County government records,Minnesota--Ramsey County|Minnesota,"-93.228,44.887,-92.984,45.125",ba5cc745-21c5-4ae9-954b-72dd8db6815a,05b-27123,https://data-ramseygis.opendata.arcgis.com,05b-27123
Renville County Open GIS Data,,Minnesota--Renville County,County government records,Minnesota--Renville County|Minnesota,"-95.484,44.456,-94.498,44.892",ba5cc745-21c5-4ae9-954b-72dd8db6815a,05b-27129,https://hub-renvilleco.hub.arcgis.com,05b-27129
RLIS Discovery,,Oregon--Portland,Municipal government records,Oregon--Portland|Oregon,"-122.930,45.430,-121.820,45.730",ba5cc745-21c5-4ae9-954b-72dd8db6815a,17c-01,https://rlisdiscovery.oregonmetro.gov,17c-01
Saint Louis County GIS & Mapping,,Minnesota--St. Louis County,County government records,Minnesota--St. Louis County|Minnesota,"-93.097,46.649,-91.789,48.632",ba5cc745-21c5-4ae9-954b-72dd8db6815a,05b-27137,https://open-data-slcgis.hub.arcgis.com,05b-27137
Sarpy County GIS Portal,,Nebraska--Sarpy County,County government records,Nebraska--Sarpy County|Nebraska,"-96.339,40.996,-95.842,41.191",ba5cc745-21c5-4ae9-954b-72dd8db6815a,13b-31153,https://data2-sarpy.opendata.arcgis.com,13b-31153
Sauk County GIS Download,,Wisconsin--Sauk County,County government records,Wisconsin--Sauk County|Wisconsin,"-90.312,43.145,-89.599,43.642",ba5cc745-21c5-4ae9-954b-72dd8db6815a,10b-55111,https://data-saukgis.opendata.arcgis.com,10b-55111
Scott County Open Data,,Minnesota--Scott County,County government records,Minnesota--Scott County|Minnesota,"-93.912,44.545,-93.278,44.814",ba5cc745-21c5-4ae9-954b-72dd8db6815a,05b-27139,https://open-data-scottcounty.hub.arcgis.com,05b-27139
Seattle GeoData,,Washington (State)--Seattle,Municipal government records,Washington (State)--Seattle|Washington (State),"-122.460,47.481,-122.224,47.734",ba5cc745-21c5-4ae9-954b-72dd8db6815a,16c-01,https://data-seattlecitygis.opendata.arcgis.com,16c-01
SEMCOG Open Data,"SEMCOG, Southeast Michigan Council of Governments",Michigan,Intergovernment records,Michigan,"-84.158,41.724,-82.418,43.169",ba5cc745-21c5-4ae9-954b-72dd8db6815a,06f-01,http://maps-semcog.opendata.arcgis.com,06f-01
Seneca County GeoLibrary,,Ohio--Seneca County,County government records,Ohio--Seneca County|Ohio,"-83.421,40.992,-82.830,41.257",ba5cc745-21c5-4ae9-954b-72dd8db6815a,11b-39047,https://portal-senecacountygis.hub.arcgis.com/,11b-39047
Sherburne County Open Data,,Minnesota--Sherburne County,County government records,Minnesota--Sherburne County|Minnesota,"-94.150,45.246,-93.510,45.560",ba5cc745-21c5-4ae9-954b-72dd8db6815a,05b-27141,https://data-sherburnegis.opendata.arcgis.com,05b-27141
Snohomish County Open Data Portal,,Washington (State)--Snohomish County,County government records,Washington (State)--Snohomish County|Washington (State),"-122.460,47.780,-120.910,48.300",ba5cc745-21c5-4ae9-954b-72dd8db6815a,16b-53061,https://snohomish-county-open-data-portal-snoco-gis.hub.arcgis.com,16b-53061
"South Bend, IN Open Data",,Indiana--South Bend,Municipal government records,Indiana--South Bend|Indiana,"-86.361,41.597,-86.191,41.760",ba5cc745-21c5-4ae9-954b-72dd8db6815a,09c-01,http://data-southbend.opendata.arcgis.com,09c-01
Spokane County GIS Data Catalog,,Washington (State)--Spokane County,County government records,Washington (State)--Spokane County|Washington (State),"-117.820,47.260,-117.040,48.050",ba5cc745-21c5-4ae9-954b-72dd8db6815a,16b-53063,https://gisdatacatalog-spokanecounty.opendata.arcgis.com,16b-53063
St. Croix County GIS Download,,Wisconsin--St. Croix County,County government records,Wisconsin--St. Croix County|Wisconsin,"-92.803,44.858,-92.135,45.210",ba5cc745-21c5-4ae9-954b-72dd8db6815a,10b-55109,https://gis-scccdd.opendata.arcgis.com,10b-55109
Stark County GIS Data,Stark County GIS (SCGIS),Ohio--Stark County,County government records,Ohio--Stark County|Ohio,"-81.650,40.635,-81.086,40.989",ba5cc745-21c5-4ae9-954b-72dd8db6815a,11b-39151,http://opendata.starkcountyohio.gov,11b-39151
State of Michigan Open Data Portal,,Michigan,State government records,Michigan,"-90.420,41.700,-82.120,48.310",ba5cc745-21c5-4ae9-954b-72dd8db6815a,06a-01,http://gis-michigan.opendata.arcgis.com,06a-01
State of Washington Geospatial Open Data Portal,WaTech Geospatial Program Office,Washington (State),State government records,Washington (State),"-124.760,45.540,-116.920,49.000",ba5cc745-21c5-4ae9-954b-72dd8db6815a,16a-01,https://geo.wa.gov,16a-01
Stearns County GIS Data for Download,"Auditor/Treasurer's Office, GIS Division",Minnesota--Stearns County,County government records,Minnesota--Stearns County|Minnesota,"-95.140,45.282,-94.047,45.775",ba5cc745-21c5-4ae9-954b-72dd8db6815a,05b-27145,https://stearns-county-gis-stearns.hub.arcgis.com,05b-27145
Stevens County Geospatial Hub,,Minnesota--Stevens County,County government records,Minnesota--Stevens County|Minnesota,"-96.254,45.412,-95.745,45.761",ba5cc745-21c5-4ae9-954b-72dd8db6815a,05b-27149,https://geospatial-hub-stevens-county.hub.arcgis.com,05b-27149
Summit County GIS Data,,Ohio--Summit County,County government records,Ohio--Summit County|Ohio,"-81.688,40.907,-81.392,41.351",ba5cc745-21c5-4ae9-954b-72dd8db6815a,11b-39153,https://data-summitgis.opendata.arcgis.com,11b-39153
Tacoma Open Data,,Washington (State)--Tacoma,Municipal government records,Washington (State)--Tacoma|Washington (State),"-122.560,47.160,-122.340,47.310",ba5cc745-21c5-4ae9-954b-72dd8db6815a,16c-03,https://data.tacoma.gov,16c-03
Three Rivers Park District Open Data,,Three Rivers Park District,Regional government records,Minnesota--Plymouth,,ba5cc745-21c5-4ae9-954b-72dd8db6815a,05f-01,https://gis.threeriversparks.org,05f-01
Thurston GeoData Center,,Washington (State)--Thurston County,County government records,Washington (State)--Thurston County|Washington (State),"-123.200,46.760,-122.200,47.190",ba5cc745-21c5-4ae9-954b-72dd8db6815a,16b-53067,https://gisdata-thurston.opendata.arcgis.com,16b-53067
Traverse County Open GIS Data,,Minnesota--Traverse County,County government records,Minnesota--Traverse County|Minnesota,"-96.857,45.585,-96.253,46.022",ba5cc745-21c5-4ae9-954b-72dd8db6815a,05b-27155,https://data-traversecountymn.opendata.arcgis.com/,05b-27155
UM Matthaei Botanical Gardens and Nichols Arboretum,University of Michigan,Michigan,State government records,Michigan,"-83.800,42.223,-83.676,42.324",dc8c18df-7d64-4ff4-a754-d18d0891187d,07d-02,https://mbgna-umich.hub.arcgis.com,07d-02
University of Chicago Library GIS Data Hub,University of Chicago Library,Illinois--Chicago,Municipal government records,Illinois--Chicago|Illinois,"-87.940,41.644,-87.524,42.023",dc8c18df-7d64-4ff4-a754-d18d0891187d,12d-03,http://library-uchicago.opendata.arcgis.com,12d-03
U.S. Fish and Wildlife Service Open Data,,U.S. Fish and Wildlife Service,Federal government records,United States,"-173.200,13.500,-64.400,71.600",ba5cc745-21c5-4ae9-954b-72dd8db6815a,1000-0003,https://gis-fws.opendata.arcgis.com,1000-0003
Walla Walla County GIS,,Washington (State)--Walla Walla County,County government records,Washington (State)--Walla Walla County|Washington (State),"-119.040,46.000,-117.990,46.610",ba5cc745-21c5-4ae9-954b-72dd8db6815a,16b-53071,https://wallawallacountygis-wwcgis.hub.arcgis.com,16b-53071
Washington County GIS Download,,Minnesota--Washington County,County government records,Wisconsin--Washington County|Wisconsin,"-88.419,43.192,-88.040,43.544",ba5cc745-21c5-4ae9-954b-72dd8db6815a,10b-55131,https://gisdata.washcowisco.gov/,10b-55131
Washington County MN Geospatial Maps and Data,,Minnesota--Washington County,County government records,Minnesota--Washington County|Minnesota,"-93.020,44.750,-92.740,45.300",ba5cc745-21c5-4ae9-954b-72dd8db6815a,05b-27163,https://washington-county-mn-geospatial-maps-and-data-wcmn.hub.arcgis.com,05b-27163
"Washtenaw County, Michigan Open Data",,Michigan--Washtenaw County,County government records,Michigan--Washtenaw County|Michigan,"-84.134,42.072,-83.539,42.435",ba5cc745-21c5-4ae9-954b-72dd8db6815a,07b-26161,https://data-washtenaw.opendata.arcgis.com,07b-26161
Waukesha County GIS Download,,Wisconsin--Waukesha County,County government records,Wisconsin--Waukesha County|Wisconsin,"-88.542,42.842,-88.063,43.196",ba5cc745-21c5-4ae9-954b-72dd8db6815a,10b-55133,https://data-waukeshacounty.opendata.arcgis.com,10b-55133
Waupaca County GIS Download,,Wisconsin--Waupaca County,County government records,Wisconsin--Waupaca County|Wisconsin,"-89.225,44.243,-88.605,44.681",ba5cc745-21c5-4ae9-954b-72dd8db6815a,10b-55135,https://data2017-04-05t135915451z-waupacacounty.opendata.arcgis.com,10b-55135
Waushara County GIS Download,,Wisconsin--Waushara County,County government records,Wisconsin--Waushara County|Wisconsin,"-89.598,43.982,-88.886,44.246",ba5cc745-21c5-4ae9-954b-72dd8db6815a,10b-55137,https://data-waushara.opendata.arcgis.com,10b-55137
"Wilkin County, Minnesota Open Data",,Minnesota--Wilkin County,County government records,Minnesota--Wilkin County|Minnesota,"-96.791,46.022,-96.265,46.631",ba5cc745-21c5-4ae9-954b-72dd8db6815a,05b-27167,https://hub-wilkinco.hub.arcgis.com,05b-27167
Wisconsin Rapids Online Map Portal,,Wisconsin--Wisconsin Rapids,Municipal government records,Wisconsin--Wisconsin Rapids|Wisconsin,"-89.873,44.349,-89.746,44.427",ba5cc745-21c5-4ae9-954b-72dd8db6815a,10c-04,https://rapidsdata-wisconsinrapids.opendata.arcgis.com,10c-04
Wood County Open Data Portal,,Wisconsin--Wood County,County government records,Wisconsin--Wood County|Wisconsin,"-89.598,43.982,-88.886,44.246",ba5cc745-21c5-4ae9-954b-72dd8db6815a,10b-55141,https://opendata.woodcogis.com,10b-55141
"Yakima County, WA - Open Data",,Washington (State)--Yakima County,County government records,Washington (State)--Yakima County|Washington (State),"-121.520,46.040,-119.870,47.090",ba5cc745-21c5-4ae9-954b-72dd8db6815a,16b-53077,https://gis-yakimacounty.opendata.arcgis.com,16b-53077
Yellow Medicine County Hub,,Minnesota--Yellow Medicine County,County government records,Minnesota--Yellow Medicine County|Minnesota,"-96.452,44.542,-95.360,44.936",ba5cc745-21c5-4ae9-954b-72dd8db6815a,05b-27173,https://hub-yellowmedicine.hub.arcgis.com,05b-27173
"York County, PA GIS Open Data Portal",,Pennsylvania--York County,County government records,Pennsylvania--York County|Pennsylvania,"-77.137,39.720,-76.239,40.226",ba5cc745-21c5-4ae9-954b-72dd8db6815a,08b-42133,https://york-county-pa-gis-portal-yorkcountypa.hub.arcgis.com,08b-42133
