ID,Code,Title,Description,Resource Class,Publication State,Website Platform,Endpoint URL,Endpoint Description,Is Harvested,Last Harvested,Accrual Method,Accrual Periodicity,Harvest Workflow,Access Rights,Suppressed Record,Identifier,Tags,Admin Note
harvest_05a-03,05a-03,Harvest record for General Land Office Township Plats: Minnesota,Harvest record - temporary,Series,draft,Custom data portal,,HTML,,2021-04-26,Manual curation,Annual,template_children,Public,true,05a-03,,
harvest_05d-04,05d-04,Harvest record for Minnesota Geological Survey County Atlas Series,Harvest record - temporary,Series,draft,,,,,2021-04-26,Manual curation,Annual,template_children,Public,true,05d-04,ogm,
harvest_05d-07,05d-07,Harvest record for ArcGIS Online at the University of Minnesota,Harvest record - temporary,Series,draft,ArcGIS Online,https://umn.maps.arcgis.com/home/search.html?restrict=false&sortField=relevance&sortOrder=desc&searchTerm=owner%3A%22University_of_Minnesota%22#content,HTML,,2025-08-24,Automated retrieval,Annual,py_arcgis_online,Public,true,05d-07,ogm,
harvest_05d-10,05d-10,Harvest record for National Historical Geographic Information System (NHGIS),Harvest record - temporary,Series,draft,,,,,2021-04-27,Manual curation,Annual,template_children,Public,true,05d-10,,
harvest_14d-02,14d-02,Harvest record for ERDDAP,Harvest record - temporary,Series,draft,Custom HTML/JS,https://hfr.marine.rutgers.edu/erddap/info/index.csv,CSV endpoint,,2025-09-22,Automated retrieval,Annual,template_csv,Public,true,14d-02,ogm,"Updated from https://hfr.marine.rutgers.edu/erddap/index.html September 22, 2025"
harvest_88-0001,88-0001,Harvest record for ORNL LandScan Viewer,Harvest record - temporary,Series,draft,Custom HTML/JS,,,,2024-12-30,Manual curation,Annual,template_children,Public,true,88-0001,,
harvest_999-0003,999-0003,Harvest record for PolicyMap,Harvest record - temporary,Series,draft,,,,,2021-04-27,Manual curation,Annual,template_children,Public,true,999-0003,,
harvest_999-0004,999-0004,Harvest record for SimplyAnalytics,Harvest record - temporary,Series,draft,,,,,2020-11-18,Manual curation,Annual,template_children,Public,true,999-0004,,
harvest_999-0010,999-0010,Harvest record for Fire Insurance Maps Online (FIMo) [All States],Harvest record - temporary,Series,draft,,,,,2021-04-27,Manual curation,Annual,template_children,Public,true,999-0010,,
harvest_999-0011,999-0011,Harvest record for Digital Sanborn Maps (Black & White) [All States] {1867-1970},Harvest record - temporary,Series,draft,,,,,2021-04-27,Manual curation,Annual,template_children,Public,true,999-0011,,
harvest_standalone_websites,w00_01,Harvest record for standalone websites,"A grouping of websites that provide geospatial data or services but are not currently indexed for individual dataset records. These resources are monitored periodically to verify availability, detect platform or URL changes, and identify opportunities for future harvesting (e.g., migration to ArcGIS Hub or other harvestable platforms).",Series,draft,,,,,,Manual curation,Annual,template_website,Public,true,,,
harvest_standalone_resources,r00_01,Harvest record for standalone resources,"A grouping for one off datasets, maps or other resources that are not part of a group submission",Series,draft,,,,,,Manual curation,Annual,template_children,Public,true,,,
harvest_01d-00,01d-00,Harvest record for Indiana University Digital Collections,Harvest record - temporary,Series,draft,Samvera Hyrax,,,,2025-08-06,Mediated deposit,Annual,template_csv,Public,true,01d-00,ogm,
harvest_01d-04,01d-04,Harvest record for Hoosier Resilience Index: Indiana,Harvest record - temporary,Series,draft,ArcGIS Online,,,,2021-10-21,Automated retrieval,Annual,py_arcgis_online,Public,true,01d-04,,
harvest_01d-05,01d-05,Harvest record for Indiana Sanborn Maps,Harvest record - temporary,Series,draft,IU DataCORE,,,,2024-03-07,Mediated deposit,Annual,template_csv,Public,true,01d-05,ogm,
harvest_02d-01,02d-01,Harvest record for Digital Collections at the University of Illinois at Urbana-Champaign Library,Harvest record - temporary,Series,draft,Blacklight,https://digital.library.illinois.edu/oai-pmh/idhh,OAI-PMH,,2021-04-27,Automated retrieval,Annual,py_oaipmh,Public,true,02d-01,ogm,
harvest_03d-01,03d-01,Harvest record for University of Iowa Digital Library: Atlases and Maps,Harvest record - temporary,Series,draft,Islandora,https://digital.lib.uiowa.edu/oai2/oai.php?verb=ListRecords&metadataPrefix=mods&set=ui_dep,OAI-PMH,,2025-09-16,Automated retrieval,Annual,py_oaipmh,Public,true,03d-01,ogm,
harvest_04d-01,04d-01,Harvest record for University of Maryland Digital Collections,Harvest record - temporary,Series,draft,PHP,http://digital.lib.umd.edu/oaicat/OAIHandler,OAI-PMH,,2021-04-27,Automated retrieval,Annual,py_oaipmh,Public,true,04d-01,ogm,
harvest_05d-01_csv,05d-01,Harvest record for UMedia: University of Minnesota CSVs,Harvest record - temporary,Series,draft,CONTENTdm-RubyOnRails,https://umedia.lib.umn.edu/search.json,JSON API,,2026-03-15,Mediated deposit,Annual,template_csv,Public,true,05d-01,ogm,
harvest_05d-01_py,05d-01,Harvest record for UMedia: University of Minnesota python harvest,Harvest record - temporary,Series,draft,CONTENTdm-RubyOnRails,https://umedia.lib.umn.edu/search.json,JSON API,,2025-12-31,Automated retrieval,Annual,py_umedia,Public,true,05d-01,ogm,
harvest_05d-03,05d-03,Harvest record for University of Minnesota Digital Conservancy DRUM,Harvest record - temporary,Series,draft,DSpace,,,,2021-04-26,Manual curation,Annual,template_children,Public,true,05d-03,ogm,
harvest_05d-06,05d-06,Harvest record for Polar Geospatial Center,Harvest record - temporary,Series,draft,Angular JS,,,,2021-04-26,Mediated deposit,Annual,template_csv,Public,true,05d-06,ogm,
harvest_05d-11,05d-11,Harvest record for Minnesota Natural Resource Atlas,Harvest record - temporary,Series,draft,Custom data portal,,,,2022-05-20,Mediated deposit,Annual,template_csv,Public,true,05d-11,,
harvest_06a-03,06a-03,Harvest record for Michiganology,Harvest record - temporary,Series,draft,Preservica,,HTML,,2025-08-24,Mediated deposit,Annual,py_opex,Public,true,06a-03,,
harvest_06d-01,06d-01,Harvest record for Michigan State University Libraries Maps,Harvest record - temporary,Series,draft,HTML/JS,https://d.lib.msu.edu/oai,OAI-PMH,,2021-04-27,Automated retrieval,Annual,py_mods,Public,true,06d-01,ogm,
harvest_07d-01,07d-01,Harvest record for Clark Library Scanned Maps,Harvest record - temporary,Series,draft,jsDelivr,,,,2021-04-16,Mediated deposit,Annual,template_csv,Public,true,07d-01,ogm,
harvest_08d-01,08d-01,Harvest record for Donald W. Hamer Center for Maps and Geospatial Information Digital Map Drawer of Penn State Rare Maps,Harvest record - temporary,Series,draft,CONTENTdm,,,,2021-04-27,Mediated deposit,Annual,template_csv,Public,true,08d-01,ogm,
harvest_08d-02,08d-02,"Harvest record for Sanborn Maps: Pennsylvania, 1884-1938",Harvest record - temporary,Series,draft,CONTENTdm,,,,2021-04-27,Mediated deposit,Annual,template_csv,Public,true,08d-02,ogm,
harvest_08d-03,08d-03,Harvest record for Bituminous coal mine maps of Pennsylvania,Harvest record - temporary,Series,draft,CONTENTdm,,,,2023-09-01,Mediated deposit,Annual,template_csv,Public,true,08d-03,ogm,
harvest_09d-01,09d-01,Harvest record for Wabash River Historical Maps and Imagery,Harvest record - temporary,Series,draft,ArcGIS Web Application,,,,2021-05-07,Manual curation,Annual,template_children,Public,true,09d-01,,
harvest_09d-02,09d-02,"Harvest record for Purdue Campus Maps: West Lafayette, Indiana, 1890-2014",Harvest record - temporary,Series,draft,Custom HTML/JS,,,,2021-05-07,Manual curation,Annual,template_children,Public,true,09d-02,,
harvest_10d-03,10d-03,Harvest record for GeoData@Wisconsin,Harvest record - temporary,Series,draft,GeoBlacklight,https://github.com/opengeometadata/edu.wisc,GitHub,,2025-10-31,Mediated deposit,Annual,py_ogmwisc,Public,true,10d-03,,
harvest_11d-02,11d-02,Harvest record for Geology Library and Map Room: The Ohio State University,Harvest record - temporary,Series,draft,Blacklight,,,,2022-06-10,Mediated deposit,Annual,template_csv,Public,true,11d-02,ogm,
harvest_12d-01,12d-01,Harvest record for Social Scientists Map Chicago Collection,Harvest record - temporary,Series,draft,Django,,,,2021-04-27,Mediated deposit,Annual,template_csv,Public,true,12d-01,ogm,
harvest_12d-02,12d-02,Harvest record for Early Modern Maps of the Americas,Harvest record - temporary,Series,draft,Django,,,,2021-04-27,Mediated deposit,Annual,template_csv,Public,true,12d-02,ogm,
harvest_12d-04,12d-04,"Harvest record for Center for Ancient Middle Eastern Landscapes, Institute for the Study of Ancient Cultures, University of Chicago",Harvest record - temporary,Series,draft,PHP,https://github.com/uchicago-its-web-services/camel-btaa,GitHub,,2024-01-01,Mediated deposit,Annual,template_csv,Public,true,12d-04,,
harvest_13d-01,13d-01,Harvest record for DigitalCommons@University of Nebraska-Lincoln,Harvest record - temporary,Series,draft,HTML/JS,oai:digitalcommons.unl.edu,OAI-PMH,,2025-09-19,Manual curation,Annual,template_children,Public,true,13d-01,ogm,
harvest_13d-02,13d-02,Harvest record for Image and Multimedia Collections at the University of Nebraska-Lincoln,Harvest record - temporary,Series,draft,HTML/JS,,,,2021-05-25,Manual curation,Annual,template_children,Public,true,13d-02,ogm,
harvest_14d-01,14d-01,Harvest record for Maps of New Jersey,Harvest record - temporary,Series,draft,Drupal,https://rucore.libraries.rutgers.edu/api/dpla-oai-pmh/?settype=portal&set=2Pp7Cy4Bs,OAI-PMH,,2022-08-17,Automated retrieval,Annual,py_oaipmh,Public,true,14d-01,ogm,
harvest_15d-01,15d-01,Harvest record for Northwestern University Digital Collections,Harvest record - temporary,Series,draft,NextJS,https://api.dc.library.northwestern.edu/api/v2/oai,OAI-PMH,,2024-02-28,Automated retrieval,Annual,py_oaipmh,Public,true,15d-01,ogm,
harvest_20d-0001,20d-0001,Harvest record for Harvard Geospatial Library,Harvest record - temporary,Series,draft,GeoBlacklight,https://github.com/OpenGeoMetadata/edu.harvard,,,2025-08-23,Automated retrieval,Annual,py_ogm_aardvark,Public,true,20d-0001,,
harvest_20d-0002,20d-0002,Harvest record for Princeton University Libraries Digital Maps & Geospatial Data,Harvest record - temporary,Series,draft,GeoBlacklight,https://github.com/OpenGeoMetadata/edu.princeton,GeoBlacklight,,2025-08-23,Automated retrieval,Annual,py_ogm_gbl1,Public,true,20d-0002,,
harvest_20d-0004,20d-0004,Harvest record for Geospatial Information Repository (CUGIR),Harvest record - temporary,Series,draft,GeoBlacklight,https://github.com/OpenGeoMetadata/edu.cornell,,,2025-08-23,Automated retrieval,Annual,py_ogm_aardvark,Public,true,20d-0004,,
harvest_77d-0004,77d-0004,Harvest record for The Newberry Library Digital Collections,Harvest record - temporary,Series,draft,,,,,2025-09-20,Manual curation,Annual,template_children,Public,true,77d-0004,,
harvest_999-0001,999-0001,Harvest record for Social Explorer,Harvest record - temporary,Series,draft,,,,,2021-04-27,Manual curation,Annual,template_children,Public,true,999-0001,,
harvest_20d-0005,20d-0005,Harvest record for American Panorama,Harvest record - temporary,Series,draft,,,,,2025-09-20,Manual curation,Annual,template_children,Public,true,20d-0005,,
harvest_03d-02,03d-02,Harvest record for Dividing the City: Race-Restrictive Covenants in St. Louis and St. Louis County,Harvest record - temporary,Series,draft,GitHub,,,,2023-05-11,Manual curation,Annual,template_children,Public,true,b492921b-eebf-442f-acb4-1dc6b0d21cc8,,
harvest_20d-0003,20d-0003,Harvest record for Stanford Earthworks,Earthworks is Stanford University Library's portal for discovery and distribution of geospatial data. Earthworks provides federated search of more than a dozen other research collections and direct access to data for download.,Series,draft,GeoBlacklight,https://github.com/OpenGeoMetadata/edu.stanford.purl,GitHub,true,2025-12-31,Automated retrieval,Annual,py_ogm_aardvark,Public,true,20d-0003,,"Partially harvested - only adding public, nationwide or international datasets. (Not adding California records yet (2025-12-31)"
harvest_20d-0006,20d-0006,Harvest record for American Geographical Society Library – UWM Libraries,Harvest record - temporary,Series,draft,GeoBlacklight,,GitHub,true,,Automated retrieval,Annual,py_ogm_aardvark,Public,true,,,
harvest_03d-06,03d-06,Harvest record for Iowa parcels ,Harvest record - temporary,Series,draft,,,,,,Mediated deposit,Annual,template_children,Public,true,78ebcce3-6558-430f-8c3c-7be8cb1fbda2,,Submitted by Jay Bowen along with guide on filtering c8996c0d-278b-4006-ad68-40009e0217e2
harvest_02a-01,02a-01,Harvest record for Illinois Geospatial Data Clearinghouse,Harvest record - temporary,Series,draft,Custom data portal,https://clearinghouse.isgs.illinois.edu/data,HTML,,2025-08-23,Automated retrieval,Monthly,py_isgs,Public,true,02a-01,,
harvest_05a-01_ckan,05a-01,Harvest record for Minnesota Geospatial Commons,Harvest record - temporary,Series,draft,CKAN,https://gisdata.mn.gov/api/3/action/package_search,CKAN API,,2026-03-16,Automated retrieval,Monthly,py_mncommons_ckan,Public,true,05a-01,,
harvest_08a-01,08a-01,Harvest record for PASDA: The Pennsylvania Geospatial Data Clearinghouse,Harvest record - temporary,Series,draft,Custom data portal,https://www.pasda.psu.edu/uci/SearchResults.aspx?Keyword=+,HTML,,2025-11-16,Automated retrieval,Monthly,py_pasda,Public,true,08a-01,,
harvest_99-1400,99-1400,Harvest record for Humanitarian Data Exchange,Harvest record - temporary,Series,draft,CKAN,https://data.humdata.org/api/3/action/package_search,CKAN API,,2025-11-17,Automated retrieval,Monthly,py_hdx,Public,true,99-1400,,
harvest_08f-01,08f-01,Harvest record for Western Pennsylvania Regional Data Center Open Data,Harvest record - temporary,Series,draft,CKAN,http://www.wprdc.org/api/3/action/package_list,CKAN API,,2021-04-27,Automated retrieval,Quarterly,py_ckan,Public,true,08f-01,,
harvest_01b-18057,01b-18057,"Harvest record for Hamilton County, Indiana Open Data Collection",Harvest record - temporary,Series,draft,ArcGIS Hub,https://geohub.hamiltoncounty.in.gov/api/feed/dcat-us/1.1.json,DCAT API,,2026-03-22,Automated retrieval,Weekly,py_arcgis_hub,Public,true,01b-18057,,
harvest_01b-18163,01b-18163,"Harvest record for Evansville, Vanderburgh County, Indiana Open Data Collection",Harvest record - temporary,Series,draft,ArcGIS Hub,https://dev-evansvilleapc.opendata.arcgis.com/api/feed/dcat-us/1.1.json,DCAT API,,2026-03-22,Automated retrieval,Weekly,py_arcgis_hub,Public,true,01b-18163,,
harvest_01c-01,01c-01,"Harvest record for City of Bloomington, Indiana Open Data Portal",Harvest record - temporary,Series,draft,Socrata,https://data.bloomington.in.gov/data.json,DCAT API,,2026-02-08,Automated retrieval,Weekly,py_socrata,Public,true,01c-01,,
harvest_01c-02,01c-02,Harvest record for OpenIndy Data Portal,Harvest record - temporary,Series,draft,ArcGIS Hub,http://data.indy.gov/api/feed/dcat-us/1.1.json,DCAT API,,2026-03-22,Automated retrieval,Weekly,py_arcgis_hub,Public,true,01c-02,,
harvest_02a-04,02a-04,Harvest record for Illinois DOT Open Data Portal,Harvest record - temporary,Series,draft,ArcGIS Hub,https://gis-idot.opendata.arcgis.com/api/feed/dcat-us/1.1.json,DCAT API,,2026-03-22,Automated retrieval,Weekly,py_arcgis_hub,Public,true,02a-04,,
harvest_02b-17091,02b-17091,Harvest record for Kankakee County GIS,Harvest record - temporary,Series,draft,ArcGIS Hub,https://hub.k3gis.com/,DCAT API,,2026-03-22,Automated retrieval,Weekly,py_arcgis_hub,Public,true,02b-17091,no children,"Returns error while harvesting, but doesn't disrupt the harvest process or harvest unwanted records. Error message: [ArcGIS] Error fetching 02b-17091: Expecting value: line 1 column 1 (char 0)""- API returns 202 error -Cleo Feb 2026"
harvest_02b-17113,02b-17113,Harvest record for McLean County GIS Consortium Open Data,Harvest record - temporary,Series,draft,ArcGIS Hub,http://www.mcgis.org/api/feed/dcat-us/1.1.json,DCAT API,,2026-03-22,Automated retrieval,Weekly,py_arcgis_hub,Public,true,02b-17113,,
harvest_02c-01,02c-01,"Harvest record for Evanston, Illinois Open Data Hub",Harvest record - temporary,Series,draft,ArcGIS Hub,https://data.cityofevanston.org/api/feed/dcat-us/1.1.json,DCAT API,,2026-03-22,Automated retrieval,Weekly,py_arcgis_hub,Public,true,02c-01,,
harvest_02c-02,02c-02,Harvest record for City of Champaign GIS,Harvest record - temporary,Series,draft,ArcGIS Hub,https://gis-cityofchampaign.opendata.arcgis.com/api/feed/dcat-us/1.1.json,DCAT API,,2026-03-22,Automated retrieval,Weekly,py_arcgis_hub,Public,true,02c-02,,
harvest_03a-02,03a-02,Harvest record for IowaDOT Open Data,Harvest record - temporary,Series,draft,ArcGIS Hub,https://public-iowadot.opendata.arcgis.com/api/feed/dcat-us/1.1.json,DCAT API,,2026-03-22,Automated retrieval,Weekly,py_arcgis_hub,Public,true,03a-02,,
harvest_03a-03,03a-03,Harvest record for Iowa Geodata,Harvest record - temporary,Series,draft,ArcGIS Hub,https://geodata.iowa.gov/api/feed/dcat-us/1.1.json,DCAT API,,2026-03-22,Automated retrieval,Weekly,py_arcgis_hub,Public,true,03a-03,,
harvest_03b-19113,03b-19113,"Harvest record for Linn County, Iowa Open Data Portal",Harvest record - temporary,Series,draft,ArcGIS Hub,http://opendata-linncounty-gis.opendata.arcgis.com/api/feed/dcat-us/1.1.json,DCAT API,,2026-03-22,Automated retrieval,Weekly,py_arcgis_hub,Public,true,03b-19113,,
harvest_03b-19155,03b-19155,Harvest record for Pottawattamie County Open Data,Harvest record - temporary,Series,draft,ArcGIS Hub,https://open-data-pottcounty.hub.arcgis.com/api/feed/dcat-us/1.1.json,DCAT API,,2026-03-22,Automated retrieval,Weekly,py_arcgis_hub,Public,true,03b-19155,,
harvest_04a-01,04a-01,Harvest record for Maryland iMap,Harvest record - temporary,Series,draft,ArcGIS Hub,http://data.imap.maryland.gov/api/feed/dcat-us/1.1.json,DCAT API,,2026-03-22,Automated retrieval,Weekly,py_arcgis_hub,Public,true,04a-01,,
harvest_04b-24003,04b-24003,Harvest record for Anne Arundel County GIS Data,Harvest record - temporary,Series,draft,ArcGIS Hub,https://maps.aacounty.org/api/feed/dcat-us/1.1.json,DCAT API,,2026-03-22,Automated retrieval,Weekly,py_arcgis_hub,Public,true,04b-24003,,
harvest_04b-24005,04b-24005,Harvest record for Baltimore County Open Data Portal,Harvest record - temporary,Series,draft,ArcGIS Hub,https://opendata.baltimorecountymd.gov/api/feed/dcat-us/1.1.json,DCAT API,,2026-03-22,Automated retrieval,Weekly,py_arcgis_hub,Public,true,04b-24005,,
harvest_04b-24009,04b-24009,Harvest record for Calvert County Open GIS Data Portal,Harvest record - temporary,Series,draft,ArcGIS Hub,https://calvert-county-open-data-calvertgis.hub.arcgis.com/api/feed/dcat-us/1.1.json,DCAT API,,2026-03-22,Automated retrieval,Weekly,py_arcgis_hub,Public,true,04b-24009,,
harvest_04b-24013,04b-24013,Harvest record for Carroll County GIS Open Data,Harvest record - temporary,Series,draft,ArcGIS Hub,https://data-carrollco-md.opendata.arcgis.com/api/feed/dcat-us/1.1.json,DCAT API,,2026-03-22,Automated retrieval,Weekly,py_arcgis_hub,Public,true,04b-24013,no children,"Returns error while harvesting, but doesn't disrupt the harvest process or harvest unwanted records. Error message: [ArcGIS] Error fetching 04b-24013: 404 Client Error: Not Found for url: https://data-carrollco-md.opendata.arcgis.com/api/feed/dcat-us/1.1.json - {""error"":""GWM_0003: You do not have permissions to access this resource or perform this operation.""} -Cleo Feb 2026"
harvest_04b-24021,04b-24021,Harvest record for Frederick County Open Data,Harvest record - temporary,Series,draft,ArcGIS Hub,https://gis-fcgmd.opendata.arcgis.com/api/feed/dcat-us/1.1.json,DCAT API,,2026-03-22,Automated retrieval,Weekly,py_arcgis_hub,Public,true,04b-24021,,
harvest_04b-24025,04b-24025,Harvest record for Harford County Planning and Zoning Open GIS,Harvest record - temporary,Series,draft,ArcGIS Hub,https://harford-county-gis-hub-harfordgis.hub.arcgis.com/api/feed/dcat-us/1.1.json,DCAT API,,2026-03-22,Automated retrieval,Weekly,py_arcgis_hub,Public,true,04b-24025,,
harvest_04b-24031,04b-24031,Harvest record for Montgomery County GIS Open Data,Harvest record - temporary,Series,draft,ArcGIS Hub,https://opendata-mcgov-gis.hub.arcgis.com/api/feed/dcat-us/1.1.json,DCAT API,,2026-03-22,Automated retrieval,Weekly,py_arcgis_hub,Public,true,04b-24031,,
harvest_04c-01,04c-01,Harvest record for Open Data DC,Harvest record - temporary,Series,draft,ArcGIS Hub,https://opendata.dc.gov/api/feed/dcat-us/1.1.json,DCAT API,,2026-03-22,Automated retrieval,Weekly,py_arcgis_hub,Public,true,04c-01,,
harvest_04c-02,04c-02,Harvest record for Open Baltimore,Harvest record - temporary,Series,draft,ArcGIS Hub,https://data.baltimorecity.gov/api/feed/dcat-us/1.1.json,DCAT API,,2026-03-22,Automated retrieval,Weekly,py_arcgis_hub,Public,true,04c-02,,
harvest_04f-01,04f-01,Harvest record for Delaware Valley Regional Planning Commission (DVRPC),Harvest record - temporary,Series,draft,ArcGIS Hub,https://dvrpc-dvrpcgis.opendata.arcgis.com/api/feed/dcat-us/1.1.json,DCAT API,,2026-03-22,Automated retrieval,Weekly,py_arcgis_hub,Public,true,04f-01,,
harvest_05b-27007,05b-27007,Harvest record for Beltrami County Open GIS Data,Harvest record - temporary,Series,draft,ArcGIS Hub,https://bemidji-beltramicounty.opendata.arcgis.com/api/feed/dcat-us/1.1.json,DCAT API,,2026-03-22,Automated retrieval,Weekly,py_arcgis_hub,Public,true,05b-27007,,
harvest_05b-27011,05b-27011,Harvest record for Big Stone County Open Data,Harvest record - temporary,Series,draft,ArcGIS Hub,https://data-bigstonecounty.opendata.arcgis.com/api/feed/dcat-us/1.1.json,DCAT API,,2026-03-22,Automated retrieval,Weekly,py_arcgis_hub,Public,true,05b-27011,,
harvest_05b-27019,05b-27019,Harvest record for Carver County GIS Data,Harvest record - temporary,Series,draft,ArcGIS Hub,http://data-carver.opendata.arcgis.com/api/feed/dcat-us/1.1.json,DCAT API,,2026-03-22,Automated retrieval,Weekly,py_arcgis_hub,Public,true,05b-27019,no children,"Returns error while harvesting, but doesn't disrupt the harvest process or harvest unwanted records. Error message: [ArcGIS] Error fetching 05b-27019: 500 Server Error: Internal Server Error for url: https://data-carver.opendata.arcgis.com/api/feed/dcat-us/1.1.json -Cleo Feb 2026"
harvest_05b-27023,05b-27023,Harvest record for Chippewa County Open GIS Data,Harvest record - temporary,Series,draft,ArcGIS Hub,https://data-chippewa.opendata.arcgis.com/api/feed/dcat-us/1.1.json,DCAT API,,2026-03-22,Automated retrieval,Weekly,py_arcgis_hub,Public,true,05b-27023,,
harvest_05b-27027,05b-27027,Harvest record for Clay County Open Data,Harvest record - temporary,Series,draft,ArcGIS Hub,https://data-claycountymn.opendata.arcgis.com/api/feed/dcat-us/1.1.json,DCAT API,,2026-03-22,Automated retrieval,Weekly,py_arcgis_hub,Public,true,05b-27027,,
harvest_05b-27031,05b-27031,Harvest record for Cook County Open GIS Data,Harvest record - temporary,Series,draft,ArcGIS Hub,https://open-data-portal-cookcountymn.hub.arcgis.com/api/feed/dcat-us/1.1.json,DCAT API,,2026-03-22,Automated retrieval,Weekly,py_arcgis_hub,Public,true,05b-27031,,
harvest_05b-27035,05b-27035,Harvest record for Crow Wing County GIS Hub,Harvest record - temporary,Series,draft,ArcGIS Hub,https://hub-cwccm.hub.arcgis.com/api/feed/dcat-us/1.1.json,DCAT API,,2026-03-22,Automated retrieval,Weekly,py_arcgis_hub,Public,true,05b-27035,,
harvest_05b-27041,05b-27041,Harvest record for Douglas County Open Data Portal,Harvest record - temporary,Series,draft,ArcGIS Hub,https://data-dcpw.opendata.arcgis.com/api/feed/dcat-us/1.1.json,DCAT API,,2026-03-22,Automated retrieval,Weekly,py_arcgis_hub,Public,true,05b-27041,,
harvest_05b-27051,05b-27051,Harvest record for Grant County Open Data Hub,Harvest record - temporary,Series,draft,ArcGIS Hub,https://hub-co-grant-mn-us.hub.arcgis.com/api/feed/dcat-us/1.1.json,DCAT API,,2026-03-22,Automated retrieval,Weekly,py_arcgis_hub,Public,true,05b-27051,,
harvest_05b-27053,05b-27053,Harvest record for Hennepin County GIS Data,Harvest record - temporary,Series,draft,ArcGIS Hub,https://gis-hennepin.hub.arcgis.com/api/feed/dcat-us/1.1.json,DCAT API,,2026-03-22,Automated retrieval,Weekly,py_arcgis_hub,Public,true,05b-27053,,
harvest_05b-27057,05b-27057,Harvest record for Hubbard County Open Geospatial Data,Harvest record - temporary,Series,draft,ArcGIS Hub,https://maps-hubbardcounty.opendata.arcgis.com/api/feed/dcat-us/1.1.json,DCAT API,,2026-03-22,Automated retrieval,Weekly,py_arcgis_hub,Public,true,05b-27057,,
harvest_05b-27059,05b-27059,Harvest record for Isanti County Geospatial Hub,Harvest record - temporary,Series,draft,ArcGIS Hub,https://open-data-pottcounty.hub.arcgis.com/api/feed/dcat-us/1.1.json,DCAT API,,2026-03-22,Automated retrieval,Weekly,py_arcgis_hub,Public,true,05b-27059,,
harvest_05b-27083,05b-27083,"Harvest record for Lyon County, MN Mapping Hub",Harvest record - temporary,Series,draft,ArcGIS Hub,https://maps-lyonmn.hub.arcgis.com/api/feed/dcat-us/1.1.json,DCAT API,,2026-03-22,Automated retrieval,Weekly,py_arcgis_hub,Public,true,05b-27083,,
harvest_05b-27099,05b-27099,Harvest record for Mower County Geospatial Hub,Harvest record - temporary,Series,draft,ArcGIS Hub,https://geospatial-hub-mowercountymn.hub.arcgis.com/api/feed/dcat-us/1.1.json,DCAT API,,2026-03-22,Automated retrieval,Weekly,py_arcgis_hub,Public,true,05b-27099,,
harvest_05b-27111,05b-27111,Harvest record for Otter Tail County Maps and Data Hub,Harvest record - temporary,Series,draft,ArcGIS Hub,https://opendata-otcgis.hub.arcgis.com/api/feed/dcat-us/1.1.json,DCAT API,,2026-03-22,Automated retrieval,Weekly,py_arcgis_hub,Public,true,05b-27111,,
harvest_05b-27117,05b-27117,Harvest record for Pipestone County Land Records Hub,Harvest record - temporary,Series,draft,ArcGIS Hub,https://landrecords-pipestone.hub.arcgis.com/api/feed/dcat-us/1.1.json,DCAT API,,2026-03-22,Automated retrieval,Weekly,py_arcgis_hub,Public,true,05b-27117,no children,"Hub site is working and API feed is working, but doesn't return any records. Published and marked is harvested = true for now. Maybe they will have records available later? Check Quarterly? -Cleo 2/1/26"
harvest_05b-27119,05b-27119,Harvest record for Polk County GIS Open Data,Harvest record - temporary,Series,draft,ArcGIS Hub,https://hub-pcg.hub.arcgis.com/api/feed/dcat-us/1.1.json,DCAT API,,2026-03-22,Automated retrieval,Weekly,py_arcgis_hub,Public,true,05b-27119,,
harvest_05b-27121,05b-27121,Harvest record for Pope County Open Data,Harvest record - temporary,Series,draft,ArcGIS Hub,https://hub-popecounty.hub.arcgis.com/api/feed/dcat-us/1.1.json,DCAT API,,2026-03-22,Automated retrieval,Weekly,py_arcgis_hub,Public,true,05b-27121,,
harvest_05b-27123,05b-27123,Harvest record for Ramsey County Open Data,Harvest record - temporary,Series,draft,ArcGIS Hub,https://data-ramseygis.opendata.arcgis.com/api/feed/dcat-us/1.1.json,DCAT API,,2026-03-22,Automated retrieval,Weekly,py_arcgis_hub,Public,true,05b-27123,,
harvest_05b-27129,05b-27129,Harvest record for Renville County Open GIS Data,Harvest record - temporary,Series,draft,ArcGIS Hub,https://hub-renvilleco.hub.arcgis.com/api/feed/dcat-us/1.1.json,DCAT API,,2026-03-22,Automated retrieval,Weekly,py_arcgis_hub,Public,true,05b-27129,,
harvest_05b-27137,05b-27137,Harvest record for Saint Louis County GIS & Mapping,Harvest record - temporary,Series,draft,ArcGIS Hub,https://open-data-slcgis.hub.arcgis.com/api/feed/dcat-us/1.1.json,DCAT API,,2026-03-22,Automated retrieval,Weekly,py_arcgis_hub,Public,true,05b-27137,,
harvest_05b-27139,05b-27139,Harvest record for Scott County Open Data,Harvest record - temporary,Series,draft,ArcGIS Hub,https://open-data-scottcounty.hub.arcgis.com/api/feed/dcat-us/1.1.json,DCAT API,,2026-03-22,Automated retrieval,Weekly,py_arcgis_hub,Public,true,05b-27139,,
harvest_05b-27141,05b-27141,Harvest record for Sherburne County Open Data,Harvest record - temporary,Series,draft,ArcGIS Hub,https://data-sherburnegis.opendata.arcgis.com/api/feed/dcat-us/1.1.json,DCAT API,,2026-03-22,Automated retrieval,Weekly,py_arcgis_hub,Public,true,05b-27141,,
harvest_05b-27145,05b-27145,Harvest record for Stearns County GIS Data for Download,Harvest record - temporary,Series,draft,ArcGIS Hub,https://stearns-county-gis-stearns.hub.arcgis.com/api/feed/dcat-us/1.1.json,DCAT API,,2026-03-22,Automated retrieval,Weekly,py_arcgis_hub,Public,true,05b-27145,,
harvest_05b-27149,05b-27149,Harvest record for Stevens County Geospatial Hub,Harvest record - temporary,Series,draft,ArcGIS Hub,https://geospatial-hub-stevens-county.hub.arcgis.com/api/feed/dcat-us/1.1.json,DCAT API,,2026-03-22,Automated retrieval,Weekly,py_arcgis_hub,Public,true,05b-27149,,
harvest_05b-27155,05b-27155,Harvest record for Traverse County Open GIS Data,Harvest record - temporary,Series,draft,ArcGIS Hub,https://data-traversecountymn.opendata.arcgis.com/api/feed/dcat-us/1.1.json,DCAT API,,2026-03-22,Automated retrieval,Weekly,py_arcgis_hub,Public,true,05b-27155,,
harvest_05b-27163,05b-27163,Harvest record for Washington County MN Geospatial Maps and Data,Harvest record - temporary,Series,draft,ArcGIS Hub,https://washington-county-mn-geospatial-maps-and-data-wcmn.hub.arcgis.com/api/feed/dcat-us/1.1.json,DCAT API,,2026-03-22,Automated retrieval,Weekly,py_arcgis_hub,Public,true,05b-27163,,
harvest_05b-27167,05b-27167,"Harvest record for Wilkin County, Minnesota Open Data",Harvest record - temporary,Series,draft,ArcGIS Hub,https://hub-wilkinco.hub.arcgis.com/api/feed/dcat-us/1.1.json,DCAT API,,2026-03-22,Automated retrieval,Weekly,py_arcgis_hub,Public,true,05b-27167,,
harvest_05b-27173,05b-27173,Harvest record for Yellow Medicine County Hub,Harvest record - temporary,Series,draft,ArcGIS Hub,https://hub-yellowmedicine.hub.arcgis.com/api/feed/dcat-us/1.1.json,DCAT API,,2026-03-22,Automated retrieval,Weekly,py_arcgis_hub,Public,true,05b-27173,,
harvest_05c-01,05c-01,Harvest record for Open Data Minneapolis,Harvest record - temporary,Series,draft,ArcGIS Hub,https://opendata.minneapolismn.gov/api/feed/dcat-us/1.1.json,DCAT API,,2026-03-22,Automated retrieval,Weekly,py_arcgis_hub,Public,true,05c-01,,
harvest_05c-02,05c-02,Harvest record for City of Saint Paul GIS Data,Harvest record - temporary,Series,draft,ArcGIS Hub,https://information.stpaul.gov/api/feed/dcat-us/1.1.json,DCAT API,,2026-03-22,Automated retrieval,Weekly,py_arcgis_hub,Public,true,05c-02,,
harvest_05c-03,05c-03,Harvest record for City of Duluth GeoHub,Harvest record - temporary,Series,draft,ArcGIS Hub,https://geohub-duluthmn.hub.arcgis.com/api/feed/dcat-us/1.1.json,DCAT API,,2026-03-22,Automated retrieval,Weekly,py_arcgis_hub,Public,true,05c-03,no children,"Hub site is working and API feed is working, but doesn't return any records. Published and marked is harvested = true for now. Maybe they will have records available later? Check Quarterly? -Cleo 2/1/26"
harvest_05f-01,05f-01,Harvest record for Three Rivers Park District Open Data,Harvest record - temporary,Series,draft,ArcGIS Hub,https://gis.threeriversparks.org/api/feed/dcat-us/1.1.json,DCAT API,,2026-03-22,Automated retrieval,Weekly,py_arcgis_hub,Public,true,05f-01,,
harvest_06a-01,06a-01,Harvest record for State of Michigan Open Data Portal,Harvest record - temporary,Series,draft,ArcGIS Hub,http://gis-michigan.opendata.arcgis.com/api/feed/dcat-us/1.1.json,DCAT API,,2026-03-22,Automated retrieval,Weekly,py_arcgis_hub,Public,true,06a-01,,
harvest_06a-02,06a-02,Harvest record for Michigan DNR Open Data Portal,Harvest record - temporary,Series,draft,ArcGIS Hub,https://gis-midnr.opendata.arcgis.com/api/feed/dcat-us/1.1.json,DCAT API,,2026-03-22,Automated retrieval,Weekly,py_arcgis_hub,Public,true,06a-02,no children,"Returns error while harvesting, but doesn't disrupt the harvest process or harvest unwanted records. Error message: Error fetching 06a-02: 500 Server Error: Internal Server Error for url: https://gis-midnr.opendata.arcgis.com/api/feed/dcat-us/1.1.json -Cleo Feb 2026"
harvest_06b-26125,06b-26125,"Harvest record for Oakland County, MI Open data",Harvest record - temporary,Series,draft,ArcGIS Hub,http://accessoakland.oakgov.com/api/feed/dcat-us/1.1.json,DCAT API,,2026-03-22,Automated retrieval,Weekly,py_arcgis_hub,Public,true,06b-26125,,
harvest_06f-01,06f-01,Harvest record for SEMCOG Open Data,Harvest record - temporary,Series,draft,ArcGIS Hub,http://maps-semcog.opendata.arcgis.com/api/feed/dcat-us/1.1.json,DCAT API,,2026-03-22,Automated retrieval,Weekly,py_arcgis_hub,Public,true,06f-01,,
harvest_07b-26161,07b-26161,"Harvest record for Washtenaw County, Michigan Open Data",Harvest record - temporary,Series,draft,ArcGIS Hub,https://data-washtenaw.opendata.arcgis.com/api/feed/dcat-us/1.1.json,DCAT API,,2026-03-22,Automated retrieval,Weekly,py_arcgis_hub,Public,true,07b-26161,no children,"Hub site is working and API feed is working, but doesn't return any records. Published and marked is harvested = true for now. Maybe they will have records available later? Check Quarterly? -Cleo 2/1/26"
harvest_07c-01,07c-01,Harvest record for Detroit Open Data,Harvest record - temporary,Series,draft,ArcGIS Hub,https://data.detroitmi.gov/api/feed/dcat-us/1.1.json,DCAT API,,2026-03-22,Automated retrieval,Weekly,py_arcgis_hub,Public,true,07c-01,,
harvest_07c-03,07c-03,"Harvest record for Grand Rapids, Michigan Open Data",Harvest record - temporary,Series,draft,ArcGIS Hub,https://grdata-grandrapids.opendata.arcgis.com/api/feed/dcat-us/1.1.json,DCAT API,,2026-03-22,Automated retrieval,Weekly,py_arcgis_hub,Public,true,07c-03,,
harvest_07c-04,07c-04,Harvest record for MapFlint Data Download,Harvest record - temporary,Series,draft,ArcGIS Hub,https://mapflint-umich.opendata.arcgis.com/api/feed/dcat-us/1.1.json,DCAT API,,2026-03-22,Automated retrieval,Weekly,py_arcgis_hub,Public,true,07c-04,no children,"Hub site is working and the harvest script doesn't return an error for this endpoint, but API feed is blank. Published and marked is harvested = true for now. Maybe they will have records available later? Check Quarterly? -Cleo, Feb 2026"
harvest_07d-02,07d-02,Harvest record for UM Matthaei Botanical Gardens and Nichols Arboretum,Harvest record - temporary,Series,draft,ArcGIS Hub,https://mbgna-umich.hub.arcgis.com/api/feed/dcat-us/1.1.json,DCAT API,,2026-03-22,Automated retrieval,Weekly,py_arcgis_hub,Public,true,07d-02,,
harvest_08a-02,08a-02,Harvest record for Pennsylvania Department of Conservation and Natural Resources Open Data Portal,Harvest record - temporary,Series,draft,ArcGIS Hub,https://newdata-dcnr.opendata.arcgis.com/api/feed/dcat-us/1.1.json,DCAT API,,2026-03-22,Automated retrieval,Weekly,py_arcgis_hub,Public,true,08a-02,,
harvest_08a-03,08a-03,Harvest record for Pennsylvania Department of Environmental Protection,Harvest record - temporary,Series,draft,ArcGIS Hub,https://newdata-padep-1.opendata.arcgis.com/api/feed/dcat-us/1.1.json,DCAT API,,2026-03-22,Automated retrieval,Weekly,py_arcgis_hub,Public,true,08a-03,,
harvest_08b-42003,08b-42003,Harvest record for Allegheny County GIS Open Data,Harvest record - temporary,Series,draft,ArcGIS Hub,https://openac-alcogis.opendata.arcgis.com/api/feed/dcat-us/1.1.json,DCAT API,,2026-03-22,Automated retrieval,Weekly,py_arcgis_hub,Public,true,08b-42003,,
harvest_08b-42027,08b-42027,Harvest record for Centre County Open Data,Harvest record - temporary,Series,draft,ArcGIS Hub,http://gisdata-centrecountygov.opendata.arcgis.com/api/feed/dcat-us/1.1.json,DCAT API,,2026-03-22,Automated retrieval,Weekly,py_arcgis_hub,Public,true,08b-42027,,
harvest_08b-42029,08b-42029,Harvest record for Chester County GIS Data,Harvest record - temporary,Series,draft,ArcGIS Hub,https://chester-county-s-gis-hub-chesco.hub.arcgis.com/api/feed/dcat-us/1.1.json,DCAT API,,2026-03-22,Automated retrieval,Weekly,py_arcgis_hub,Public,true,08b-42029,,
harvest_08b-42039,08b-42039,Harvest record for Crawford County Open Data,Harvest record - temporary,Series,draft,ArcGIS Hub,https://share-open-data-crawfordcountypa.opendata.arcgis.com/api/feed/dcat-us/1.1.json,DCAT API,,2026-03-22,Automated retrieval,Weekly,py_arcgis_hub,Public,true,08b-42039,,
harvest_08b-42043,08b-42043,Harvest record for Dauphin County GIS Data Portal,Harvest record - temporary,Series,draft,ArcGIS Hub,https://data-dauphinco.opendata.arcgis.com/api/feed/dcat-us/1.1.json,DCAT API,,2026-03-22,Automated retrieval,Weekly,py_arcgis_hub,Public,true,08b-42043,,
harvest_08b-42091,08b-42091,Harvest record for Montgomery County Open Data,Harvest record - temporary,Series,draft,ArcGIS Hub,https://data-montcopa.opendata.arcgis.com/api/feed/dcat-us/1.1.json,DCAT API,,2026-03-22,Automated retrieval,Weekly,py_arcgis_hub,Public,true,08b-42091,no children,"Hub site is working and the harvest script doesn't return an error for this endpoint, but API feed is blank. Published and marked is harvested = true for now. Maybe they will have records available later? Check Quarterly? -Cleo, Feb 2026"
harvest_08b-42133,08b-42133,"Harvest record for York County, PA GIS Open Data Portal",Harvest record - temporary,Series,draft,ArcGIS Hub,https://york-county-pa-gis-portal-yorkcountypa.hub.arcgis.com/api/feed/dcat-us/1.1.json,DCAT API,,2026-03-22,Automated retrieval,Weekly,py_arcgis_hub,Public,true,08b-42133,,
harvest_08c-01-2,08c-01-2,Harvest record for PHLmaps,Harvest record - temporary,Series,draft,ArcGIS Hub,http://data-phl.opendata.arcgis.com/api/feed/dcat-us/1.1.json,DCAT API,,2026-03-22,Automated retrieval,Weekly,py_arcgis_hub,Public,true,08c-01-2,,
harvest_08c-02,08c-02,Harvest record for Pittsburgh Open Data,Harvest record - temporary,Series,draft,ArcGIS Hub,https://pghgishub-pittsburghpa.opendata.arcgis.com/api/feed/dcat-us/1.1.json,DCAT API,,2026-03-22,Automated retrieval,Weekly,py_arcgis_hub,Public,true,08c-02,,
harvest_08f-03,08f-03,Harvest record for North Central PA Hub,Harvest record - temporary,Series,draft,ArcGIS Hub,https://regional-planning-northcentral.hub.arcgis.com/api/feed/dcat-us/1.1.json,DCAT API,,2026-03-22,Automated retrieval,Weekly,py_arcgis_hub,Public,true,08f-03,,
harvest_09a-04,09a-04,Harvest record for IndianaMap,Harvest record - temporary,Series,draft,ArcGIS Hub,https://www.indianamap.org/api/feed/dcat-us/1.1.json,DCAT API,,2026-03-22,Automated retrieval,Weekly,py_arcgis_hub,Public,true,09a-04,,
harvest_09c-01,09c-01,"Harvest record for South Bend, IN Open Data",Harvest record - temporary,Series,draft,ArcGIS Hub,http://data-southbend.opendata.arcgis.com/api/feed/dcat-us/1.1.json,DCAT API,,2026-03-22,Automated retrieval,Weekly,py_arcgis_hub,Public,true,09c-01,,
harvest_1000-0001,1000-0001,Harvest record for HUD-eGIS Geospatial Data Storefront,Harvest record - temporary,Series,draft,ArcGIS Hub,https://hudgis-hud.opendata.arcgis.com/api/feed/dcat-us/1.1.json,DCAT API,,2026-03-22,Automated retrieval,Weekly,py_arcgis_hub,Public,true,1000-0001,,
harvest_1000-0003,1000-0003,Harvest record for U.S. Fish and Wildlife Service Open Data,Harvest record - temporary,Series,draft,ArcGIS Hub,https://gis-fws.opendata.arcgis.com/api/feed/dcat-us/1.1.json,DCAT API,,2026-03-22,Automated retrieval,Weekly,py_arcgis_hub,Public,true,1000-0003,,
harvest_10b-55003,10b-55003,"Harvest record for Ashland County, WI GIS Open Data Portal",Harvest record - temporary,Series,draft,ArcGIS Hub,https://data-ashlandcountywi.opendata.arcgis.com/api/feed/dcat-us/1.1.json,DCAT API,,2026-03-22,Automated retrieval,Weekly,py_arcgis_hub,Public,true,10b-55003,,
harvest_10b-55015,10b-55015,Harvest record for Calumet County GIS Download,Harvest record - temporary,Series,draft,ArcGIS Hub,https://gis-calumet.hub.arcgis.com/api/feed/dcat-us/1.1.json,DCAT API,,2026-03-22,Automated retrieval,Weekly,py_arcgis_hub,Public,true,10b-55015,,
harvest_10b-55021,10b-55021,"Harvest record for Land Records Data Portal of Columbia County, WI",Harvest record - temporary,Series,draft,ArcGIS Hub,https://opendata-cclid.opendata.arcgis.com/api/feed/dcat-us/1.1.json,DCAT API,,2026-03-22,Automated retrieval,Weekly,py_arcgis_hub,Public,true,10b-55021,,
harvest_10b-55025-01,10b-55025,Harvest record for Capital Area Open Data Portal,Harvest record - temporary,Series,draft,ArcGIS Hub,https://data-carpc.opendata.arcgis.com/api/feed/dcat-us/1.1.json,DCAT API,,2026-03-22,Automated retrieval,Weekly,py_arcgis_hub,Public,true,10b-55025,,
harvest_10b-55025,10b-55025,"Harvest record for Discover Dane County, WI",Harvest record - temporary,Series,draft,ArcGIS Hub,https://gis-countyofdane.opendata.arcgis.com/api/feed/dcat-us/1.1.json,DCAT API,,2026-03-22,Automated retrieval,Weekly,py_arcgis_hub,Public,true,10b-55025,no children,"Hub site is working and API feed is working, but doesn't return any records. Published and marked is harvested = true for now. Maybe they will have records available later? Check Quarterly? -Cleo 2/1/26"
harvest_10b-55035-01,10b-55035,Harvest record for Eau Claire County Geospatial Hub,Harvest record - temporary,Series,draft,ArcGIS Hub,https://hub-eccounty.hub.arcgis.com/api/feed/dcat-us/1.1.json,DCAT API,,2026-03-22,Automated retrieval,Weekly,py_arcgis_hub,Public,true,10b-55035,,
harvest_10b-55035,10b-55035,"Harvest record for GIS Divison of Eau Claire County, WI",Harvest record - temporary,Series,draft,ArcGIS Hub,https://hub-eccounty.hub.arcgis.com/api/feed/dcat-us/1.1.json,DCAT API,,2026-03-22,Automated retrieval,Weekly,py_arcgis_hub,Public,true,10b-55035,,
harvest_10b-55059,10b-55059,"Harvest record for Kenosha County, WI GIS Open Data Portal",Harvest record - temporary,Series,draft,ArcGIS Hub,https://dataportal.kenoshacounty.org/api/feed/dcat-us/1.1.json,DCAT API,,2026-03-22,Automated retrieval,Weekly,py_arcgis_hub,Public,true,10b-55059,,
harvest_10b-55079,10b-55079,Harvest record for Milwaukee County GIS Download,Harvest record - temporary,Series,draft,ArcGIS Hub,https://data-mclio.hub.arcgis.com/api/feed/dcat-us/1.1.json,DCAT API,,2026-03-22,Automated retrieval,Weekly,py_arcgis_hub,Public,true,10b-55079,,
harvest_10b-55087,10b-55087,Harvest record for Outgamie County Open Data,Harvest record - temporary,Series,draft,ArcGIS Hub,https://data-ocgis.opendata.arcgis.com/api/feed/dcat-us/1.1.json,DCAT API,,2026-03-22,Automated retrieval,Weekly,py_arcgis_hub,Public,true,10b-55087,,
harvest_10b-55093,10b-55093,Harvest record for Pierce County GIS Open Data Portal,Harvest record - temporary,Series,draft,ArcGIS Hub,https://data-piercecounty-wi.hub.arcgis.com/api/feed/dcat-us/1.1.json,DCAT API,,2026-03-22,Automated retrieval,Weekly,py_arcgis_hub,Public,true,10b-55093,,
harvest_10b-55101,10b-55101,Harvest record for Racine County GIS Download,Harvest record - temporary,Series,draft,ArcGIS Hub,http://data.racinecounty.opendata.arcgis.com/api/feed/dcat-us/1.1.json,DCAT API,,2026-03-22,Automated retrieval,Weekly,py_arcgis_hub,Public,true,10b-55101,,
harvest_10b-55109,10b-55109,Harvest record for St. Croix County GIS Download,Harvest record - temporary,Series,draft,ArcGIS Hub,https://gis-scccdd.opendata.arcgis.com/api/feed/dcat-us/1.1.json,DCAT API,,2026-03-22,Automated retrieval,Weekly,py_arcgis_hub,Public,true,10b-55109,,
harvest_10b-55111,10b-55111,Harvest record for Sauk County GIS Download,Harvest record - temporary,Series,draft,ArcGIS Hub,https://data-saukgis.opendata.arcgis.com/api/feed/dcat-us/1.1.json,DCAT API,,2026-03-22,Automated retrieval,Weekly,py_arcgis_hub,Public,true,10b-55111,,
harvest_10b-55125-01,10b-55125,"Harvest record for Geodata Hub of Vilas County, WI",Harvest record - temporary,Series,draft,ArcGIS Hub,https://data-vilas.opendata.arcgis.com/api/feed/dcat-us/1.1.json,DCAT API,,2026-03-22,Automated retrieval,Weekly,py_arcgis_hub,Public,true,10b-55125,,
harvest_10b-55131,10b-55131,Harvest record for Washington County GIS Download,Harvest record - temporary,Series,draft,ArcGIS Hub,https://gisdata.washcowisco.gov/api/feed/dcat-us/1.1.json,DCAT API,,2026-03-22,Automated retrieval,Weekly,py_arcgis_hub,Public,true,10b-55131,,
harvest_10b-55133,10b-55133,Harvest record for Waukesha County GIS Download,Harvest record - temporary,Series,draft,ArcGIS Hub,https://data-waukeshacounty.opendata.arcgis.com/api/feed/dcat-us/1.1.json,DCAT API,,2026-03-22,Automated retrieval,Weekly,py_arcgis_hub,Public,true,10b-55133,,
harvest_10b-55135,10b-55135,Harvest record for Waupaca County GIS Download,Harvest record - temporary,Series,draft,ArcGIS Hub,https://data2017-04-05t135915451z-waupacacounty.opendata.arcgis.com/api/feed/dcat-us/1.1.json,DCAT API,,2026-03-22,Automated retrieval,Weekly,py_arcgis_hub,Public,true,10b-55135,,
harvest_10b-55137,10b-55137,Harvest record for Waushara County GIS Download,Harvest record - temporary,Series,draft,ArcGIS Hub,https://data-waushara.opendata.arcgis.com/api/feed/dcat-us/1.1.json,DCAT API,,2026-03-22,Automated retrieval,Weekly,py_arcgis_hub,Public,true,10b-55137,,
harvest_10b-55141,10b-55141,Harvest record for Wood County Open Data Portal,Harvest record - temporary,Series,draft,ArcGIS Hub,https://opendata.woodcogis.com/api/feed/dcat-us/1.1.json,DCAT API,,2026-03-22,Automated retrieval,Weekly,py_arcgis_hub,Public,true,10b-55141,,
harvest_10c-03,10c-03,"Harvest record for City of Madison, WI GIS Open Data Portal",Harvest record - temporary,Series,draft,ArcGIS Hub,https://data-cityofmadison.opendata.arcgis.com/api/feed/dcat-us/1.1.json,DCAT API,,2026-03-22,Automated retrieval,Weekly,py_arcgis_hub,Public,true,10c-03,,
harvest_10c-04,10c-04,Harvest record for Wisconsin Rapids Online Map Portal,Harvest record - temporary,Series,draft,ArcGIS Hub,https://rapidsdata-wisconsinrapids.opendata.arcgis.com/api/feed/dcat-us/1.1.json,DCAT API,,2026-03-22,Automated retrieval,Weekly,py_arcgis_hub,Public,true,10c-04,,
harvest_11b-39009,11b-39009,Harvest record for Athens County GIS Data,Harvest record - temporary,Series,draft,ArcGIS Hub,https://data-athgis.opendata.arcgis.com/api/feed/dcat-us/1.1.json,DCAT API,,2026-03-22,Automated retrieval,Weekly,py_arcgis_hub,Public,true,11b-39009,,
harvest_11b-39027,11b-39027,"Harvest record for Clinton County, Ohio, Geographic Information Systems",Harvest record - temporary,Series,draft,ArcGIS Hub,https://clinton-county-ohio-clintoncountygis.hub.arcgis.com/api/feed/dcat-us/1.1.json,DCAT API,,2026-03-22,Automated retrieval,Weekly,py_arcgis_hub,Public,true,11b-39027,no children,"Hub site is working and API feed is working, but doesn't return any records. Published and marked is harvested = true for now. Maybe they will have records available later? Check Quarterly? -Cleo 2/1/26"
harvest_11b-39035,11b-39035,Harvest record for Cuyahoga County Open Data,Harvest record - temporary,Series,draft,ArcGIS Hub,https://data-cuyahoga.opendata.arcgis.com/api/feed/dcat-us/1.1.json,DCAT API,,2026-03-22,Automated retrieval,Weekly,py_arcgis_hub,Public,true,11b-39035,,
harvest_11b-39041,11b-39041,Harvest record for Delaware County GIS,Harvest record - temporary,Series,draft,ArcGIS Hub,https://gisdata-delco.hub.arcgis.com/api/feed/dcat-us/1.1.json,DCAT API,,2026-03-22,Automated retrieval,Weekly,py_arcgis_hub,Public,true,11b-39041,,
harvest_11b-39047,11b-39047,Harvest record for Seneca County GeoLibrary,Harvest record - temporary,Series,draft,ArcGIS Hub,https://portal-senecacountygis.hub.arcgis.com/api/feed/dcat-us/1.1.json,DCAT API,,2026-03-22,Automated retrieval,Weekly,py_arcgis_hub,Public,true,11b-39047,,
harvest_11b-39049,11b-39049,"Harvest record for Franklin County Auditor, Ohio Open Data",Harvest record - temporary,Series,draft,ArcGIS Hub,https://auditor-fca.opendata.arcgis.com/api/feed/dcat-us/1.1.json,DCAT API,,2026-03-22,Automated retrieval,Weekly,py_arcgis_hub,Public,true,11b-39049,,
harvest_11b-39057,11b-39057,Harvest record for Greene County GIS Hub,Harvest record - temporary,Series,draft,ArcGIS Hub,https://gishub-gimsoh29.opendata.arcgis.com/api/feed/dcat-us/1.1.json,DCAT API,,2026-03-22,Automated retrieval,Weekly,py_arcgis_hub,Public,true,11b-39057,,
harvest_11b-39075,11b-39075,Harvest record for Holmes County GIS Open Data Portal,Harvest record - temporary,Series,draft,ArcGIS Hub,https://holmes-county-gis-holmesgis.hub.arcgis.com/api/feed/dcat-us/1.1.json,DCAT API,,2026-03-22,Automated retrieval,Weekly,py_arcgis_hub,Public,true,11b-39075,,
harvest_11b-39085,11b-39085,Harvest record for Lake County GIS Hub,Harvest record - temporary,Series,draft,ArcGIS Hub,https://gis-lakeohgis.opendata.arcgis.com/api/feed/dcat-us/1.1.json,DCAT API,,2026-03-22,Automated retrieval,Weekly,py_arcgis_hub,Public,true,11b-39085,,
harvest_11b-39091,11b-39091,Harvest record for Logan County GIS Data,Harvest record - temporary,Series,draft,ArcGIS Hub,https://logan-county-gis-data-loganco.hub.arcgis.com/api/feed/dcat-us/1.1.json,DCAT API,,2026-03-22,Automated retrieval,Weekly,py_arcgis_hub,Public,true,11b-39091,no children,"Hub site is working and API feed is working, but doesn't return any records. Published and marked is harvested = true for now. Maybe they will have records available later? Check Quarterly? -Cleo 2/1/26"
harvest_11b-39093,11b-39093,Harvest record for Lorain County GIS Data,Harvest record - temporary,Series,draft,ArcGIS Hub,https://data-loraingis.opendata.arcgis.com/api/feed/dcat-us/1.1.json,DCAT API,,2026-03-22,Automated retrieval,Weekly,py_arcgis_hub,Public,true,11b-39093,,
harvest_11b-39097,11b-39097,"Harvest record for GIS Data Downloads for Madison County, Ohio",Harvest record - temporary,Series,draft,ArcGIS Hub,https://madison-county-gis-data-download-madcoengineer.hub.arcgis.com/api/feed/dcat-us/1.1.json,DCAT API,,2026-03-22,Automated retrieval,Weekly,py_arcgis_hub,Public,true,11b-39097,,
harvest_11b-39119,11b-39119,"Harvest record for GIS Data Downloads for Muskingum County, Ohio",Harvest record - temporary,Series,draft,ArcGIS Hub,https://muskingum-county-gis-muskcogis.hub.arcgis.com/api/feed/dcat-us/1.1.json,DCAT API,,2026-03-22,Automated retrieval,Weekly,py_arcgis_hub,Public,true,11b-39119,,
harvest_11b-39129,11b-39129,Harvest record for Pickaway County GIS Open Data,Harvest record - temporary,Series,draft,ArcGIS Hub,https://pickawayopendata-pickaway-gis.opendata.arcgis.com/api/feed/dcat-us/1.1.json,DCAT API,,2026-03-22,Automated retrieval,Weekly,py_arcgis_hub,Public,true,11b-39129,,
harvest_11b-39137,11b-39137,Harvest record for Putnam County GIS Data,Harvest record - temporary,Series,draft,ArcGIS Hub,https://home.putnamcountygis.com/api/feed/dcat-us/1.1.json,DCAT API,,2026-03-22,Automated retrieval,Weekly,py_arcgis_hub,Public,true,11b-39137,no children,"Hub site is working and the harvest script doesn't return an error for this endpoint, but API feed is blank. Published and marked is harvested = true for now. Maybe they will have records available later? Check Quarterly? -Cleo, Feb 2026"
harvest_11b-39151,11b-39151,Harvest record for Stark County GIS Data,Harvest record - temporary,Series,draft,ArcGIS Hub,http://opendata.starkcountyohio.gov/api/feed/dcat-us/1.1.json,DCAT API,,2026-03-22,Automated retrieval,Weekly,py_arcgis_hub,Public,true,11b-39151,,
harvest_11b-39153,11b-39153,Harvest record for Summit County GIS Data,Harvest record - temporary,Series,draft,ArcGIS Hub,https://data-summitgis.opendata.arcgis.com/api/feed/dcat-us/1.1.json,DCAT API,,2026-03-22,Automated retrieval,Weekly,py_arcgis_hub,Public,true,11b-39153,,
harvest_11c-01-3,11c-01-01,"Harvest record for CAGIS Open Data Hub for Cincinnati Area, Ohio",Harvest record - temporary,Series,draft,ArcGIS Hub,https://data-cagisportal.opendata.arcgis.com/api/feed/dcat-us/1.1.json,DCAT API,,2026-03-22,Automated retrieval,Weekly,py_arcgis_hub,Public,true,11c-01-01,no children,"Returns error while harvesting, but doesn't disrupt the harvest process or harvest unwanted records. Error message: [ArcGIS] Error fetching 11c-01-3: 403 Client Error: Forbidden for url: https://data-cagisportal.opendata.arcgis.com/api/feed/dcat-us/1.1.json -Cleo Feb 2026"
harvest_11c-02,11c-02,Harvest record for Columbus GIS,Harvest record - temporary,Series,draft,ArcGIS Hub,https://opendata.columbus.gov/api/feed/dcat-us/1.1.json,DCAT API,,2026-03-22,Automated retrieval,Weekly,py_arcgis_hub,Public,true,11c-02,,
harvest_11c-03,11c-03,Harvest record for City of Cleveland Open Data,Harvest record - temporary,Series,draft,ArcGIS Hub,https://data.clevelandohio.gov/api/feed/dcat-us/1.1.json,DCAT API,,2026-03-22,Automated retrieval,Weekly,py_arcgis_hub,Public,true,11c-03,,
harvest_12b-17031,12b-17031,Harvest record for Cook Central,Harvest record - temporary,Series,draft,ArcGIS Hub,https://hub-cookcountyil.opendata.arcgis.com/api/feed/dcat-us/1.1.json,DCAT API,,2026-03-22,Automated retrieval,Weekly,py_arcgis_hub,Public,true,12b-17031,,
harvest_12b-17031-2,12b-17031-2,Harvest record for Cook County Open Data,Harvest record - temporary,Series,draft,Socrata,https://datacatalog.cookcountyil.gov/data.json,DCAT API,,2026-02-08,Automated retrieval,Weekly,py_socrata,Public,true,12b-17031-2,,
harvest_12b-17043,12b-17043,Harvest record for DuPage County GIS,Harvest record - temporary,Series,draft,ArcGIS Hub,https://gisdata-dupage.opendata.arcgis.com/api/feed/dcat-us/1.1.json,DCAT API,,2026-03-22,Automated retrieval,Weekly,py_arcgis_hub,Public,true,12b-17043,,
harvest_12b-17097,12b-17097,Harvest record for Lake County Illinois Open Data Portal,Harvest record - temporary,Series,draft,ArcGIS Hub,https://data-lakecountyil.opendata.arcgis.com/api/feed/dcat-us/1.1.json,DCAT API,,2026-03-22,Automated retrieval,Weekly,py_arcgis_hub,Public,true,12b-17097,,
harvest_12b-17113-2,12b-17113-2,Harvest record for McLean County GIS,Harvest record - temporary,Series,draft,ArcGIS Hub,https://mcleancounty-mcggis.hub.arcgis.com/api/feed/dcat-us/1.1.json,DCAT API,,2026-03-22,Automated retrieval,Weekly,py_arcgis_hub,Public,true,12b-17113-2,,
harvest_12b-17143,12b-17143,Harvest record for Peoria County GIS Open Data Portal,Harvest record - temporary,Series,draft,ArcGIS Hub,https://data-peoriacountygis.opendata.arcgis.com/api/feed/dcat-us/1.1.json,DCAT API,,2026-03-22,Automated retrieval,Weekly,py_arcgis_hub,Public,true,12b-17143,,
harvest_12c-01,12c-01,Harvest record for City of Chicago Data Portal,Harvest record - temporary,Series,draft,Socrata,https://data.cityofchicago.org/data.json,DCAT API,,2026-02-08,Automated retrieval,Weekly,py_socrata,Public,true,12c-01,,
harvest_12c-02,12c-02,Harvest record for Opioid Awareness|Peoria City/County Health Department,Harvest record - temporary,Series,draft,ArcGIS Hub,https://opioid-awareness-peoriacountygis.hub.arcgis.com/api/feed/dcat-us/1.1.json,DCAT API,,2026-03-22,Automated retrieval,Weekly,py_arcgis_hub,Public,true,12c-02,,
harvest_12d-03,12d-03,Harvest record for University of Chicago Library GIS Data Hub,Harvest record - temporary,Series,draft,ArcGIS Hub,http://library-uchicago.opendata.arcgis.com/api/feed/dcat-us/1.1.json,DCAT API,,2026-03-22,Automated retrieval,Weekly,py_arcgis_hub,Public,true,12d-03,,
harvest_12f-01,12f-01,Harvest record for CMAP (Chicago Metropolitan Agency for Planning) Data Hub,Harvest record - temporary,Series,draft,ArcGIS Hub,https://datahub.cmap.illinois.gov/api/feed/dcat-us/1.1.json,DCAT API,,2026-03-22,Automated retrieval,Weekly,py_arcgis_hub,Public,true,12f-01,,
harvest_13a-01,13a-01,Harvest record for NebraskaMap,Harvest record - temporary,Series,draft,ArcGIS Hub,https://www.nebraskamap.gov/api/feed/dcat-us/1.1.json,DCAT API,,2026-03-22,Automated retrieval,Weekly,py_arcgis_hub,Public,true,13a-01,,
harvest_13a-04,13a-04,Harvest record for Nebraska Game & Parks Map and Data Portal,Harvest record - temporary,Series,draft,ArcGIS Hub,https://data-outdoornebraska.opendata.arcgis.com/api/feed/dcat-us/1.1.json,DCAT API,,2026-03-22,Automated retrieval,Weekly,py_arcgis_hub,Public,true,13a-04,,
harvest_13b-31055,13b-31055,Harvest record for Omaha/Douglas County GIS Open Data Portal,Harvest record - temporary,Series,draft,ArcGIS Hub,https://data-dogis.opendata.arcgis.com/api/feed/dcat-us/1.1.json,DCAT API,,2026-03-22,Automated retrieval,Weekly,py_arcgis_hub,Public,true,13b-31055,,
harvest_13b-31153,13b-31153,Harvest record for Sarpy County GIS Portal,Harvest record - temporary,Series,draft,ArcGIS Hub,https://data2-sarpy.opendata.arcgis.com/api/feed/dcat-us/1.1.json,DCAT API,,2026-03-22,Automated retrieval,Weekly,py_arcgis_hub,Public,true,13b-31153,,
harvest_13c-01,13c-01,Harvest record for Lincoln Open Data and Performance Management,Harvest record - temporary,Series,draft,ArcGIS Hub,https://data2-lincolnne.opendata.arcgis.com/api/feed/dcat-us/1.1.json,DCAT API,,2026-03-22,Automated retrieval,Weekly,py_arcgis_hub,Public,true,13c-01,,
harvest_13c-02,13c-02,Harvest record for City of Grand Island Public GIS Data Portal,Harvest record - temporary,Series,draft,ArcGIS Hub,https://data-cityofgi.opendata.arcgis.com/api/feed/dcat-us/1.1.json,DCAT API,,2026-03-22,Automated retrieval,Weekly,py_arcgis_hub,Public,true,13c-02,,
harvest_14a-01,14a-01,Harvest record for New Jersey Geographic Information Network (NJGIN) Open Data Portal,Harvest record - temporary,Series,draft,ArcGIS Hub,https://njogis-newjersey.opendata.arcgis.com/api/feed/dcat-us/1.1.json,DCAT API,,2026-03-22,Automated retrieval,Weekly,py_arcgis_hub,Public,true,14a-01,,
harvest_14a-02,14a-02,Harvest record for New Jersey Department of Environmental Protection's (NJDEP) Bureau of GIS,Harvest record - temporary,Series,draft,ArcGIS Hub,https://gisdata-njdep.opendata.arcgis.com/api/feed/dcat-us/1.1.json,DCAT API,,2026-03-22,Automated retrieval,Weekly,py_arcgis_hub,Public,true,14a-02,,
harvest_14c-01,14c-01,Harvest record for City of Newark GIN,Harvest record - temporary,Series,draft,ArcGIS Hub,https://data-newgin.opendata.arcgis.com/api/feed/dcat-us/1.1.json,DCAT API,,2026-03-22,Automated retrieval,Weekly,py_arcgis_hub,Public,true,14c-01,,
harvest_16a-01,16a-01,Harvest record for State of Washington Geospatial Open Data Portal,Harvest record - temporary,Series,draft,ArcGIS Hub,https://geo.wa.gov/api/feed/dcat-us/1.1.json,DCAT API,,2026-03-22,Automated retrieval,Weekly,py_arcgis_hub,Public,true,16a-01,,
harvest_16b-53009,16b-53009,Harvest record for Clallam County GIS Portal,Harvest record - temporary,Series,draft,ArcGIS Hub,https://clallam-county-portal-clallam.hub.arcgis.com/api/feed/dcat-us/1.1.json,DCAT API,,2026-03-22,Automated retrieval,Weekly,py_arcgis_hub,Public,true,16b-53009,,
harvest_16b-53011,16b-53011,Harvest record for Clark County Open Data,Harvest record - temporary,Series,draft,ArcGIS Hub,https://hub-clarkcountywa.opendata.arcgis.com/api/feed/dcat-us/1.1.json,DCAT API,,2026-03-22,Automated retrieval,Weekly,py_arcgis_hub,Public,true,16b-53011,,
harvest_16b-53017,16b-53017,Harvest record for Douglas County Mapping and Data Portal,Harvest record - temporary,Series,draft,ArcGIS Hub,https://explore-douglas-county-data-douglaswa.hub.arcgis.com/api/feed/dcat-us/1.1.json,DCAT API,,2026-03-22,Automated retrieval,Weekly,py_arcgis_hub,Public,true,16b-53017,,
harvest_16b-53025,16b-53025,Harvest record for Grant County Open Data Portal,Harvest record - temporary,Series,draft,ArcGIS Hub,https://data-grantcountywa.opendata.arcgis.com/api/feed/dcat-us/1.1.json,DCAT API,,2026-03-22,Automated retrieval,Weekly,py_arcgis_hub,Public,true,16b-53025,,
harvest_16b-53029,16b-53029,Harvest record for Island County Open Data Portal,Harvest record - temporary,Series,draft,ArcGIS Hub,https://data-islandcountygis.opendata.arcgis.com/api/feed/dcat-us/1.1.json,DCAT API,,2026-03-22,Automated retrieval,Weekly,py_arcgis_hub,Public,true,16b-53029,,
harvest_16b-53031,16b-53031,Harvest record for Jefferson County Washington Open Data Site,Harvest record - temporary,Series,draft,ArcGIS Hub,https://gisdata-jeffcowa.opendata.arcgis.com/api/feed/dcat-us/1.1.json,DCAT API,,2026-03-22,Automated retrieval,Weekly,py_arcgis_hub,Public,true,16b-53031,,
harvest_16b-53033,16b-53033,Harvest record for King County GIS Open Data,Harvest record - temporary,Series,draft,ArcGIS Hub,https://gis-kingcounty.opendata.arcgis.com/api/feed/dcat-us/1.1.json,DCAT API,,2026-03-22,Automated retrieval,Weekly,py_arcgis_hub,Public,true,16b-53033,,
harvest_16b-53035,16b-53035,Harvest record for Open Data Kitsap County GIS,Harvest record - temporary,Series,draft,ArcGIS Hub,https://kitsap-od-kitcowa.hub.arcgis.com/api/feed/dcat-us/1.1.json,DCAT API,,2026-03-22,Automated retrieval,Weekly,py_arcgis_hub,Public,true,16b-53035,,
harvest_16b-53037,16b-53037,Harvest record for Kittitas County Open Data Portal,Harvest record - temporary,Series,draft,ArcGIS Hub,https://data-kitcogis.opendata.arcgis.com/api/feed/dcat-us/1.1.json,DCAT API,,2026-03-22,Automated retrieval,Weekly,py_arcgis_hub,Public,true,16b-53037,,
harvest_16b-53053,16b-53053,Harvest record for Pierce County Open GeoSpatial Data Portal,Harvest record - temporary,Series,draft,ArcGIS Hub,https://gisdata-piercecowa.opendata.arcgis.com/api/feed/dcat-us/1.1.json,DCAT API,,2026-03-22,Automated retrieval,Weekly,py_arcgis_hub,Public,true,16b-53053,,
harvest_16b-53061,16b-53061,Harvest record for Snohomish County Open Data Portal,Harvest record - temporary,Series,draft,ArcGIS Hub,https://snohomish-county-open-data-portal-snoco-gis.hub.arcgis.com/api/feed/dcat-us/1.1.json,DCAT API,,2026-03-22,Automated retrieval,Weekly,py_arcgis_hub,Public,true,16b-53061,,
harvest_16b-53063,16b-53063,Harvest record for Spokane County GIS Data Catalog,Harvest record - temporary,Series,draft,ArcGIS Hub,https://gisdatacatalog-spokanecounty.opendata.arcgis.com/api/feed/dcat-us/1.1.json,DCAT API,,2026-03-22,Automated retrieval,Weekly,py_arcgis_hub,Public,true,16b-53063,,
harvest_16b-53067,16b-53067,Harvest record for Thurston GeoData Center,Harvest record - temporary,Series,draft,ArcGIS Hub,https://gisdata-thurston.opendata.arcgis.com/api/feed/dcat-us/1.1.json,DCAT API,,2026-03-22,Automated retrieval,Weekly,py_arcgis_hub,Public,true,16b-53067,,
harvest_16b-53071,16b-53071,Harvest record for Walla Walla County GIS,Harvest record - temporary,Series,draft,ArcGIS Hub,https://wallawallacountygis-wwcgis.hub.arcgis.com/api/feed/dcat-us/1.1.json,DCAT API,,2026-03-22,Automated retrieval,Weekly,py_arcgis_hub,Public,true,16b-53071,,
harvest_16b-53077,16b-53077,"Harvest record for Yakima County, WA - Open Data",Harvest record - temporary,Series,draft,ArcGIS Hub,https://gis-yakimacounty.opendata.arcgis.com/api/feed/dcat-us/1.1.json,DCAT API,,2026-03-22,Automated retrieval,Weekly,py_arcgis_hub,Public,true,16b-53077,,
harvest_16b-55005,16b-55005,Harvest record for Benton County Open Data,Harvest record - temporary,Series,draft,ArcGIS Hub,https://gisdata-bentonco.hub.arcgis.com/api/feed/dcat-us/1.1.json,DCAT API,,2026-03-22,Automated retrieval,Weekly,py_arcgis_hub,Public,true,16b-55005,,
harvest_16c-01,16c-01,Harvest record for Seattle GeoData,Harvest record - temporary,Series,draft,ArcGIS Hub,https://data-seattlecitygis.opendata.arcgis.com/api/feed/dcat-us/1.1.json,DCAT API,,2026-03-22,Automated retrieval,Weekly,py_arcgis_hub,Public,true,16c-01,,
harvest_16c-03,16c-03,Harvest record for Tacoma Open Data,Harvest record - temporary,Series,draft,ArcGIS Hub,https://data.tacoma.gov/api/feed/dcat-us/1.1.json,DCAT API,,2026-03-22,Automated retrieval,Weekly,py_arcgis_hub,Public,true,16c-03,,
harvest_16c-04,16c-04,Harvest record for City of Bellevue Open Data,Harvest record - temporary,Series,draft,ArcGIS Hub,https://data.bellevuewa.gov/api/feed/dcat-us/1.1.json,DCAT API,,2026-03-22,Automated retrieval,Weekly,py_arcgis_hub,Public,true,16c-04,,
harvest_16c-05,16c-05,Harvest record for City of Vancouver Open Data Hub,Harvest record - temporary,Series,draft,ArcGIS Hub,https://city-of-vancouver-wa-geo-hub-cityofvancouver.hub.arcgis.com/api/feed/dcat-us/1.1.json,DCAT API,,2026-03-22,Automated retrieval,Weekly,py_arcgis_hub,Public,true,16c-05,,
harvest_16f-01,16f-01,Harvest record for Puget Sound Regional Council Data Portal,Harvest record - temporary,Series,draft,ArcGIS Hub,https://psrc-psregcncl.hub.arcgis.com/api/feed/dcat-us/1.1.json,DCAT API,,2026-03-22,Automated retrieval,Weekly,py_arcgis_hub,Public,true,16f-01,,
harvest_17a-01,17a-01,Harvest record for Oregon GEOHub,Harvest record - temporary,Series,draft,ArcGIS Hub,https://geohub.oregon.gov/api/feed/dcat-us/1.1.json,DCAT API,,2026-03-22,Automated retrieval,Weekly,py_arcgis_hub,Public,true,17a-01,,
harvest_17c-01,17c-01,Harvest record for RLIS Discovery,Harvest record - temporary,Series,draft,ArcGIS Hub,https://rlisdiscovery.oregonmetro.gov/api/feed/dcat-us/1.1.json,DCAT API,,2026-03-22,Automated retrieval,Weekly,py_arcgis_hub,Public,true,17c-01,,
harvest_17c-02,17c-02,Harvest record for City of Eugene Mapping Hub,Harvest record - temporary,Series,draft,ArcGIS Hub,https://mapping.eugene-or.gov/api/feed/dcat-us/1.1.json,DCAT API,,2026-03-22,Automated retrieval,Weekly,py_arcgis_hub,Public,true,17c-02,,
harvest_17c-03,17c-03,Harvest record for Data Salem,Harvest record - temporary,Series,draft,ArcGIS Hub,https://data.cityofsalem.net/api/feed/dcat-us/1.1.json,DCAT API,,2026-03-22,Automated retrieval,Weekly,py_arcgis_hub,Public,true,17c-03,,
harvest_17c-04,17c-04,Harvest record for Bend Open Data,Harvest record - temporary,Series,draft,ArcGIS Hub,https://data.bendoregon.gov/api/feed/dcat-us/1.1.json,DCAT API,,2026-03-22,Automated retrieval,Weekly,py_arcgis_hub,Public,true,17c-04,,
harvest_17c-05,17c-05,Harvest record for City of Corvallis GIS Data,Harvest record - temporary,Series,draft,ArcGIS Hub,https://gis-corvallisoregon.opendata.arcgis.com/api/feed/dcat-us/1.1.json,DCAT API,,2026-03-22,Automated retrieval,Weekly,py_arcgis_hub,Public,true,17c-05,,
harvest_17c-06,17c-06,Harvest record for PortlandMaps Open Data,Harvest record - temporary,Series,draft,ArcGIS Hub,https://gis-pdx.opendata.arcgis.com/api/feed/dcat-us/1.1.json,DCAT API,,2026-03-22,Automated retrieval,Weekly,py_arcgis_hub,Public,true,17c-06,,
harvest_8856ec9a-47ac-4c79-bfba-643e97c0b62d,8856ec9a-47ac-4c79-bfba-643e97c0b62d,Harvest record for Center for Rural Pennsylvania Data Hub,Harvest record - temporary,Series,draft,ArcGIS Hub,https://center-for-rural-pennsylvania-data-hub-ruralpa.hub.arcgis.com/api/feed/dcat-us/1.1.json,DCAT API,,2026-03-22,Automated retrieval,Weekly,py_arcgis_hub,Public,true,8856ec9a-47ac-4c79-bfba-643e97c0b62d,,
harvest_99-1800,99-1800,Harvest record for NAIP GeoHub,Harvest record - temporary,Series,draft,ArcGIS Hub,https://naip-usdaonline.hub.arcgis.com/api/feed/dcat-us/1.1.json,DCAT API,,2026-03-22,Automated retrieval,Weekly,py_arcgis_hub,Public,true,99-1800,no children,"Hub site is working and the harvest script doesn't return an error for this endpoint, but API feed is blank. Published and marked is harvested = true for now. Maybe they will have records available later? Check Quarterly? -Cleo, Feb 2026"
